#
# There is insufficient memory for the Java Runtime Environment to continue.
# Native memory allocation (malloc) failed to allocate 1257936 bytes. Error detail: Chunk::new
# Possible reasons:
#   The system is out of physical RAM or swap space
#   This process is running with CompressedOops enabled, and the Java Heap may be blocking the growth of the native heap
# Possible solutions:
#   Reduce memory load on the system
#   Increase physical memory or swap space
#   Check if swap backing store is full
#   Decrease Java heap size (-Xmx/-Xms)
#   Decrease number of Java threads
#   Decrease Java thread stack sizes (-Xss)
#   Set larger code cache with -XX:ReservedCodeCacheSize=
#   JVM is running with Unscaled Compressed Oops mode in which the Java heap is
#     placed in the first 4GB address space. The Java Heap base address is the
#     maximum limit for the native heap growth. Please use -XX:HeapBaseMinAddress
#     to set the Java Heap base and to place the Java Heap above 4GB virtual address.
# This output file may be truncated or incomplete.
#
#  Out of Memory Error (arena.cpp:168), pid=26612, tid=18512
#
# JRE version: OpenJDK Runtime Environment (21.0.9) (build 21.0.9+-14787801-b1163.94)
# Java VM: OpenJDK 64-Bit Server VM (21.0.9+-14787801-b1163.94, mixed mode, tiered, compressed oops, compressed class ptrs, g1 gc, windows-amd64)
# No core dump will be written. Minidumps are not enabled by default on client versions of Windows
#

---------------  S U M M A R Y ------------

Command Line: --add-opens=java.base/java.util=ALL-UNNAMED --add-opens=java.base/java.lang=ALL-UNNAMED --add-opens=java.base/java.lang.invoke=ALL-UNNAMED --add-opens=java.prefs/java.util.prefs=ALL-UNNAMED --add-opens=java.base/java.nio.charset=ALL-UNNAMED --add-opens=java.base/java.net=ALL-UNNAMED --add-opens=java.base/java.util.concurrent.atomic=ALL-UNNAMED -Xmx2048m -Dfile.encoding=UTF-8 -Duser.country=US -Duser.language=en -Duser.variant -javaagent:C:\Users\mdyea\.gradle\wrapper\dists\gradle-8.7-bin\bhs2wmbdwecv87pi65oeuq5iu\gradle-8.7\lib\agents\gradle-instrumentation-agent-8.7.jar org.gradle.launcher.daemon.bootstrap.GradleDaemon 8.7

Host: 11th Gen Intel(R) Core(TM) i5-11320H @ 3.20GHz, 8 cores, 11G,  Windows 11 , 64 bit Build 26100 (10.0.26100.8925)
Time: Wed Aug 12 19:27:54 2026 Bangladesh Standard Time elapsed time: 236.378269 seconds (0d 0h 3m 56s)

---------------  T H R E A D  ---------------

Current thread (0x00000170e5666f80):  JavaThread "C2 CompilerThread0" daemon [_thread_in_native, id=18512, stack(0x000000515c400000,0x000000515c500000) (1024K)]


Current CompileTask:
C2:236378 29032   !   4       com.sun.tools.javac.parser.JavaTokenizer::readToken (1823 bytes)

Stack: [0x000000515c400000,0x000000515c500000]
Native frames: (J=compiled Java code, j=interpreted, Vv=VM code, C=native code)
V  [jvm.dll+0x6d6c99]
V  [jvm.dll+0x866b83]
V  [jvm.dll+0x8691ae]
V  [jvm.dll+0x869893]
V  [jvm.dll+0x280776]
V  [jvm.dll+0xc07cd]
V  [jvm.dll+0xc0d03]
V  [jvm.dll+0x3b9831]
V  [jvm.dll+0x3856a7]
V  [jvm.dll+0x384b1a]
V  [jvm.dll+0x249462]
V  [jvm.dll+0x248a31]
V  [jvm.dll+0x1c7344]
V  [jvm.dll+0x2581ae]
V  [jvm.dll+0x2566f6]
V  [jvm.dll+0x3f48a6]
V  [jvm.dll+0x80f118]
V  [jvm.dll+0x6d54ed]
C  [ucrtbase.dll+0x2cd30]
C  [KERNEL32.DLL+0x2ccb7]
C  [ntdll.dll+0xaad6c]


---------------  P R O C E S S  ---------------

Threads class SMR info:
_java_thread_list=0x00000170f108d8f0, length=97, elements={
0x00000170cb8976c0, 0x00000170e562ca10, 0x00000170e563e000, 0x00000170e5647190,
0x00000170e56647e0, 0x00000170e5665240, 0x00000170e564cb10, 0x00000170e564de20,
0x00000170e5666f80, 0x00000170e567b1e0, 0x00000170ea004bb0, 0x00000170ead47580,
0x00000170ebe1acc0, 0x00000170ebe6bfa0, 0x00000170ebdeab20, 0x00000170ebdecbf0,
0x00000170ebdeb1b0, 0x00000170eea9ec80, 0x00000170eea9be90, 0x00000170eea9cbb0,
0x00000170eeaa0030, 0x00000170eeaa06c0, 0x00000170eea9e5f0, 0x00000170ef30ef10,
0x00000170ef30f5a0, 0x00000170ef30fc30, 0x00000170ef30e880, 0x00000170ef3102c0,
0x00000170ec7c3be0, 0x00000170eea06b60, 0x00000170eea07880, 0x00000170eea071f0,
0x00000170eea085a0, 0x00000170f1a16d10, 0x00000170f03437a0, 0x00000170f0343e30,
0x00000170f0344b50, 0x00000170f03444c0, 0x00000170f03451e0, 0x00000170f0345870,
0x00000170f03423f0, 0x00000170f0342a80, 0x00000170f0346c20, 0x00000170f0349380,
0x00000170f0347fd0, 0x00000170f0347940, 0x00000170f0349a10, 0x00000170f034a730,
0x00000170f03472b0, 0x00000170f034dbb0, 0x00000170f034e240, 0x00000170f034adc0,
0x00000170f034b450, 0x00000170f034ef60, 0x00000170f1a17a30, 0x00000170f1a180c0,
0x00000170f5a15c30, 0x00000170f5a127b0, 0x00000170f5a141f0, 0x00000170f5a155a0,
0x00000170f5a134d0, 0x00000170f5a14880, 0x00000170ec7be690, 0x00000170ec7be000,
0x00000170ec7c0760, 0x00000170ec7c0df0, 0x00000170ec7c1480, 0x00000170ec7c21a0,
0x00000170ec7bed20, 0x00000170ec7c1b10, 0x00000170ec7bf3b0, 0x00000170ec7c2830,
0x00000170ec7c2ec0, 0x00000170ec7c00d0, 0x00000170ec7bfa40, 0x00000170ec7c3550,
0x00000170ec7c4f90, 0x00000170ec7c4270, 0x00000170eb4e3db0, 0x00000170eb4e2370,
0x00000170eb4e4440, 0x00000170eb4e0fc0, 0x00000170eb4e4ad0, 0x00000170eb4e1ce0,
0x00000170eb4e2a00, 0x00000170eb4e1650, 0x00000170eb4e5160, 0x00000170eb4e57f0,
0x00000170eb4e3720, 0x00000170eb4e5e80, 0x00000170eb4e6510, 0x00000170eb4e7230,
0x00000170eb4e78c0, 0x00000170ef2def80, 0x00000170ef2e0330, 0x00000170ef2e09c0,
0x00000170ea200ad0
}

Java Threads: ( => current thread )
  0x00000170cb8976c0 JavaThread "main"                              [_thread_blocked, id=29644, stack(0x000000515b500000,0x000000515b600000) (1024K)]
  0x00000170e562ca10 JavaThread "Common-Cleaner"             daemon [_thread_blocked, id=14344, stack(0x000000515bd00000,0x000000515be00000) (1024K)]
  0x00000170e563e000 JavaThread "Reference Handler"          daemon [_thread_blocked, id=19672, stack(0x000000515be00000,0x000000515bf00000) (1024K)]
  0x00000170e5647190 JavaThread "Finalizer"                  daemon [_thread_blocked, id=28348, stack(0x000000515bf00000,0x000000515c000000) (1024K)]
  0x00000170e56647e0 JavaThread "Signal Dispatcher"          daemon [_thread_blocked, id=21508, stack(0x000000515c000000,0x000000515c100000) (1024K)]
  0x00000170e5665240 JavaThread "Attach Listener"            daemon [_thread_blocked, id=13268, stack(0x000000515c100000,0x000000515c200000) (1024K)]
  0x00000170e564cb10 JavaThread "Service Thread"             daemon [_thread_blocked, id=23388, stack(0x000000515c200000,0x000000515c300000) (1024K)]
  0x00000170e564de20 JavaThread "Monitor Deflation Thread"   daemon [_thread_blocked, id=7516, stack(0x000000515c300000,0x000000515c400000) (1024K)]
=>0x00000170e5666f80 JavaThread "C2 CompilerThread0"         daemon [_thread_in_native, id=18512, stack(0x000000515c400000,0x000000515c500000) (1024K)]
  0x00000170e567b1e0 JavaThread "C1 CompilerThread0"         daemon [_thread_blocked, id=16496, stack(0x000000515c500000,0x000000515c600000) (1024K)]
  0x00000170ea004bb0 JavaThread "Notification Thread"        daemon [_thread_blocked, id=25164, stack(0x000000515c600000,0x000000515c700000) (1024K)]
  0x00000170ead47580 JavaThread "Daemon health stats"               [_thread_blocked, id=19576, stack(0x000000515cc00000,0x000000515cd00000) (1024K)]
  0x00000170ebe1acc0 JavaThread "Incoming local TCP Connector on port 56721"        [_thread_in_native, id=13848, stack(0x000000515ce00000,0x000000515cf00000) (1024K)]
  0x00000170ebe6bfa0 JavaThread "Daemon periodic checks"            [_thread_blocked, id=25380, stack(0x000000515cf00000,0x000000515d000000) (1024K)]
  0x00000170ebdeab20 JavaThread "Cache worker for journal cache (C:\Users\mdyea\.gradle\caches\journal-1)"        [_thread_blocked, id=19040, stack(0x000000515db00000,0x000000515dc00000) (1024K)]
  0x00000170ebdecbf0 JavaThread "File lock request listener"        [_thread_in_native, id=3064, stack(0x000000515dc00000,0x000000515dd00000) (1024K)]
  0x00000170ebdeb1b0 JavaThread "Cache worker for file hash cache (C:\Users\mdyea\.gradle\caches\8.7\fileHashes)"        [_thread_blocked, id=26780, stack(0x000000515dd00000,0x000000515de00000) (1024K)]
  0x00000170eea9ec80 JavaThread "File watcher server"        daemon [_thread_in_native, id=20404, stack(0x000000515df00000,0x000000515e000000) (1024K)]
  0x00000170eea9be90 JavaThread "File watcher consumer"      daemon [_thread_blocked, id=28060, stack(0x000000515e000000,0x000000515e100000) (1024K)]
  0x00000170eea9cbb0 JavaThread "Cache worker for file content cache (C:\Users\mdyea\.gradle\caches\8.7\fileContent)"        [_thread_blocked, id=28728, stack(0x000000515e300000,0x000000515e400000) (1024K)]
  0x00000170eeaa0030 JavaThread "jar transforms"                    [_thread_blocked, id=24808, stack(0x000000515e400000,0x000000515e500000) (1024K)]
  0x00000170eeaa06c0 JavaThread "jar transforms Thread 2"           [_thread_blocked, id=14480, stack(0x000000515e500000,0x000000515e600000) (1024K)]
  0x00000170eea9e5f0 JavaThread "jar transforms Thread 3"           [_thread_blocked, id=20072, stack(0x000000515e700000,0x000000515e800000) (1024K)]
  0x00000170ef30ef10 JavaThread "jar transforms Thread 4"           [_thread_blocked, id=18836, stack(0x000000515ee00000,0x000000515ef00000) (1024K)]
  0x00000170ef30f5a0 JavaThread "jar transforms Thread 5"           [_thread_blocked, id=24440, stack(0x000000515ef00000,0x000000515f000000) (1024K)]
  0x00000170ef30fc30 JavaThread "jar transforms Thread 6"           [_thread_blocked, id=8132, stack(0x000000515f000000,0x000000515f100000) (1024K)]
  0x00000170ef30e880 JavaThread "jar transforms Thread 7"           [_thread_blocked, id=29040, stack(0x000000515f100000,0x000000515f200000) (1024K)]
  0x00000170ef3102c0 JavaThread "jar transforms Thread 8"           [_thread_blocked, id=4780, stack(0x000000515f200000,0x000000515f300000) (1024K)]
  0x00000170ec7c3be0 JavaThread "Memory manager"                    [_thread_blocked, id=7196, stack(0x0000005160500000,0x0000005160600000) (1024K)]
  0x00000170eea06b60 JavaThread "RMI Scheduler(0)"           daemon [_thread_blocked, id=25028, stack(0x0000005165000000,0x0000005165100000) (1024K)]
  0x00000170eea07880 JavaThread "RMI GC Daemon"              daemon [_thread_blocked, id=20172, stack(0x0000005165200000,0x0000005165300000) (1024K)]
  0x00000170eea071f0 JavaThread "RMI TCP Accept-0"           daemon [_thread_in_native, id=636, stack(0x0000005164a00000,0x0000005164b00000) (1024K)]
  0x00000170eea085a0 JavaThread "RMI Reaper"                        [_thread_blocked, id=23252, stack(0x0000005165300000,0x0000005165400000) (1024K)]
  0x00000170f1a16d10 JavaThread "Cache worker for Java compile cache (C:\Users\mdyea\.gradle\caches\8.7\javaCompile)"        [_thread_blocked, id=22024, stack(0x0000005165b00000,0x0000005165c00000) (1024K)]
  0x00000170f03437a0 JavaThread "Daemon Thread 3"                   [_thread_blocked, id=8740, stack(0x000000515b200000,0x000000515b300000) (1024K)]
  0x00000170f0343e30 JavaThread "Handler for socket connection from /127.0.0.1:56721 to /127.0.0.1:52638"        [_thread_in_native, id=23892, stack(0x000000515b300000,0x000000515b400000) (1024K)]
  0x00000170f0344b50 JavaThread "Cancel handler"                    [_thread_blocked, id=21232, stack(0x000000515b400000,0x000000515b500000) (1024K)]
  0x00000170f03444c0 JavaThread "Daemon worker Thread 3"            [_thread_blocked, id=18116, stack(0x000000515c700000,0x000000515c800000) (1024K)]
  0x00000170f03451e0 JavaThread "Asynchronous log dispatcher for DefaultDaemonConnection: socket connection from /127.0.0.1:56721 to /127.0.0.1:52638"        [_thread_blocked, id=21628, stack(0x000000515cd00000,0x000000515ce00000) (1024K)]
  0x00000170f0345870 JavaThread "Stdin handler"                     [_thread_blocked, id=14876, stack(0x000000515d000000,0x000000515d100000) (1024K)]
  0x00000170f03423f0 JavaThread "Daemon client event forwarder"        [_thread_blocked, id=23096, stack(0x000000515d100000,0x000000515d200000) (1024K)]
  0x00000170f0342a80 JavaThread "Cache worker for file hash cache (W:\Mobile Application\Current Detection\.gradle\8.7\fileHashes)"        [_thread_blocked, id=28268, stack(0x000000515d200000,0x000000515d300000) (1024K)]
  0x00000170f0346c20 JavaThread "Cache worker for checksums cache (W:\Mobile Application\Current Detection\.gradle\8.7\checksums)"        [_thread_blocked, id=26560, stack(0x000000515d300000,0x000000515d400000) (1024K)]
  0x00000170f0349380 JavaThread "Cache worker for cache directory md-supplier (C:\Users\mdyea\.gradle\caches\8.7\md-supplier)"        [_thread_blocked, id=7124, stack(0x000000515d400000,0x000000515d500000) (1024K)]
  0x00000170f0347fd0 JavaThread "Cache worker for cache directory md-rule (C:\Users\mdyea\.gradle\caches\8.7\md-rule)"        [_thread_blocked, id=27764, stack(0x000000515d500000,0x000000515d600000) (1024K)]
  0x00000170f0347940 JavaThread "Unconstrained build operations"        [_thread_blocked, id=29224, stack(0x000000515de00000,0x000000515df00000) (1024K)]
  0x00000170f0349a10 JavaThread "Cache worker for Build Output Cleanup Cache (W:\Mobile Application\Current Detection\.gradle\buildOutputCleanup)"        [_thread_blocked, id=16412, stack(0x000000515e100000,0x000000515e200000) (1024K)]
  0x00000170f034a730 JavaThread "Unconstrained build operations Thread 2"        [_thread_blocked, id=22888, stack(0x000000515d600000,0x000000515d700000) (1024K)]
  0x00000170f03472b0 JavaThread "Unconstrained build operations Thread 3"        [_thread_blocked, id=23256, stack(0x000000515e200000,0x000000515e300000) (1024K)]
  0x00000170f034dbb0 JavaThread "Unconstrained build operations Thread 4"        [_thread_blocked, id=25308, stack(0x000000515e600000,0x000000515e700000) (1024K)]
  0x00000170f034e240 JavaThread "Unconstrained build operations Thread 5"        [_thread_blocked, id=3196, stack(0x000000515e800000,0x000000515e900000) (1024K)]
  0x00000170f034adc0 JavaThread "Unconstrained build operations Thread 6"        [_thread_blocked, id=19896, stack(0x000000515e900000,0x000000515ea00000) (1024K)]
  0x00000170f034b450 JavaThread "Unconstrained build operations Thread 7"        [_thread_blocked, id=24296, stack(0x000000515ea00000,0x000000515eb00000) (1024K)]
  0x00000170f034ef60 JavaThread "Unconstrained build operations Thread 8"        [_thread_blocked, id=11952, stack(0x000000515eb00000,0x000000515ec00000) (1024K)]
  0x00000170f1a17a30 JavaThread "build event listener"              [_thread_blocked, id=17316, stack(0x000000515ed00000,0x000000515ee00000) (1024K)]
  0x00000170f1a180c0 JavaThread "build event listener"              [_thread_blocked, id=18312, stack(0x000000515f300000,0x000000515f400000) (1024K)]
  0x00000170f5a15c30 JavaThread "included builds"                   [_thread_blocked, id=17444, stack(0x000000515f400000,0x000000515f500000) (1024K)]
  0x00000170f5a127b0 JavaThread "Execution worker"                  [_thread_blocked, id=21500, stack(0x000000515f500000,0x000000515f600000) (1024K)]
  0x00000170f5a141f0 JavaThread "Execution worker Thread 2"         [_thread_blocked, id=30668, stack(0x000000515f600000,0x000000515f700000) (1024K)]
  0x00000170f5a155a0 JavaThread "Execution worker Thread 3"         [_thread_blocked, id=28240, stack(0x000000515f700000,0x000000515f800000) (1024K)]
  0x00000170f5a134d0 JavaThread "Execution worker Thread 4"         [_thread_blocked, id=2616, stack(0x000000515f800000,0x000000515f900000) (1024K)]
  0x00000170f5a14880 JavaThread "Execution worker Thread 5"         [_thread_blocked, id=19632, stack(0x000000515f900000,0x000000515fa00000) (1024K)]
  0x00000170ec7be690 JavaThread "Execution worker Thread 6"         [_thread_blocked, id=20872, stack(0x000000515fa00000,0x000000515fb00000) (1024K)]
  0x00000170ec7be000 JavaThread "Execution worker Thread 7"         [_thread_blocked, id=22056, stack(0x000000515fb00000,0x000000515fc00000) (1024K)]
  0x00000170ec7c0760 JavaThread "Cache worker for execution history cache (W:\Mobile Application\Current Detection\.gradle\8.7\executionHistory)"        [_thread_blocked, id=26468, stack(0x000000515fc00000,0x000000515fd00000) (1024K)]
  0x00000170ec7c0df0 JavaThread "Unconstrained build operations Thread 9"        [_thread_blocked, id=24548, stack(0x000000515fd00000,0x000000515fe00000) (1024K)]
  0x00000170ec7c1480 JavaThread "Unconstrained build operations Thread 10"        [_thread_blocked, id=27756, stack(0x000000515fe00000,0x000000515ff00000) (1024K)]
  0x00000170ec7c21a0 JavaThread "Unconstrained build operations Thread 11"        [_thread_blocked, id=6396, stack(0x000000515ff00000,0x0000005160000000) (1024K)]
  0x00000170ec7bed20 JavaThread "Unconstrained build operations Thread 12"        [_thread_blocked, id=30144, stack(0x0000005160000000,0x0000005160100000) (1024K)]
  0x00000170ec7c1b10 JavaThread "Unconstrained build operations Thread 13"        [_thread_blocked, id=15484, stack(0x0000005160100000,0x0000005160200000) (1024K)]
  0x00000170ec7bf3b0 JavaThread "Unconstrained build operations Thread 14"        [_thread_blocked, id=26376, stack(0x0000005160200000,0x0000005160300000) (1024K)]
  0x00000170ec7c2830 JavaThread "Unconstrained build operations Thread 15"        [_thread_blocked, id=7172, stack(0x0000005160300000,0x0000005160400000) (1024K)]
  0x00000170ec7c2ec0 JavaThread "Unconstrained build operations Thread 16"        [_thread_blocked, id=11480, stack(0x0000005160400000,0x0000005160500000) (1024K)]
  0x00000170ec7c00d0 JavaThread "Unconstrained build operations Thread 17"        [_thread_blocked, id=24032, stack(0x0000005160600000,0x0000005160700000) (1024K)]
  0x00000170ec7bfa40 JavaThread "Unconstrained build operations Thread 18"        [_thread_blocked, id=25628, stack(0x0000005160700000,0x0000005160800000) (1024K)]
  0x00000170ec7c3550 JavaThread "Unconstrained build operations Thread 19"        [_thread_blocked, id=13196, stack(0x0000005160800000,0x0000005160900000) (1024K)]
  0x00000170ec7c4f90 JavaThread "Unconstrained build operations Thread 20"        [_thread_blocked, id=28368, stack(0x0000005160900000,0x0000005160a00000) (1024K)]
  0x00000170ec7c4270 JavaThread "Unconstrained build operations Thread 21"        [_thread_blocked, id=21936, stack(0x0000005160a00000,0x0000005160b00000) (1024K)]
  0x00000170eb4e3db0 JavaThread "Unconstrained build operations Thread 22"        [_thread_blocked, id=22460, stack(0x0000005160b00000,0x0000005160c00000) (1024K)]
  0x00000170eb4e2370 JavaThread "Unconstrained build operations Thread 23"        [_thread_blocked, id=17016, stack(0x0000005160c00000,0x0000005160d00000) (1024K)]
  0x00000170eb4e4440 JavaThread "Unconstrained build operations Thread 24"        [_thread_blocked, id=28560, stack(0x0000005160d00000,0x0000005160e00000) (1024K)]
  0x00000170eb4e0fc0 JavaThread "Unconstrained build operations Thread 25"        [_thread_blocked, id=5628, stack(0x0000005160e00000,0x0000005160f00000) (1024K)]
  0x00000170eb4e4ad0 JavaThread "Unconstrained build operations Thread 26"        [_thread_blocked, id=28184, stack(0x0000005160f00000,0x0000005161000000) (1024K)]
  0x00000170eb4e1ce0 JavaThread "Unconstrained build operations Thread 27"        [_thread_blocked, id=16576, stack(0x0000005161000000,0x0000005161100000) (1024K)]
  0x00000170eb4e2a00 JavaThread "Unconstrained build operations Thread 28"        [_thread_blocked, id=23404, stack(0x0000005161100000,0x0000005161200000) (1024K)]
  0x00000170eb4e1650 JavaThread "Unconstrained build operations Thread 29"        [_thread_blocked, id=29380, stack(0x0000005161200000,0x0000005161300000) (1024K)]
  0x00000170eb4e5160 JavaThread "Unconstrained build operations Thread 30"        [_thread_blocked, id=12516, stack(0x0000005161300000,0x0000005161400000) (1024K)]
  0x00000170eb4e57f0 JavaThread "Unconstrained build operations Thread 31"        [_thread_blocked, id=13472, stack(0x0000005161400000,0x0000005161500000) (1024K)]
  0x00000170eb4e3720 JavaThread "Unconstrained build operations Thread 32"        [_thread_blocked, id=28640, stack(0x0000005161500000,0x0000005161600000) (1024K)]
  0x00000170eb4e5e80 JavaThread "Unconstrained build operations Thread 33"        [_thread_blocked, id=12080, stack(0x0000005161600000,0x0000005161700000) (1024K)]
  0x00000170eb4e6510 JavaThread "WorkerExecutor Queue"              [_thread_in_native, id=14584, stack(0x0000005161700000,0x0000005161800000) (1024K)]
  0x00000170eb4e7230 JavaThread "Unconstrained build operations Thread 34"        [_thread_blocked, id=29908, stack(0x0000005161900000,0x0000005161a00000) (1024K)]
  0x00000170eb4e78c0 JavaThread "Unconstrained build operations Thread 35"        [_thread_blocked, id=12508, stack(0x0000005161a00000,0x0000005161b00000) (1024K)]
  0x00000170ef2def80 JavaThread "RMI TCP Connection(4)-127.0.0.1" daemon [_thread_in_native, id=2708, stack(0x0000005161b00000,0x0000005161c00000) (1024K)]
  0x00000170ef2e0330 JavaThread "File lock release action executor"        [_thread_blocked, id=28592, stack(0x0000005161c00000,0x0000005161d00000) (1024K)]
  0x00000170ef2e09c0 JavaThread "WorkerExecutor Queue Thread 2"        [_thread_blocked, id=11056, stack(0x0000005161d00000,0x0000005161e00000) (1024K)]
  0x00000170ea200ad0 JavaThread "C2 CompilerThread1"         daemon [_thread_in_native, id=25688, stack(0x000000515ec00000,0x000000515ed00000) (1024K)]
Total: 97

Other Threads:
  0x00000170e54296a0 VMThread "VM Thread"                           [id=12796, stack(0x000000515bc00000,0x000000515bd00000) (1024K)]
  0x00000170e5413b40 WatcherThread "VM Periodic Task Thread"        [id=29408, stack(0x000000515bb00000,0x000000515bc00000) (1024K)]
  0x00000170cb95e000 WorkerThread "GC Thread#0"                     [id=19292, stack(0x000000515b600000,0x000000515b700000) (1024K)]
  0x00000170ea7b3ed0 WorkerThread "GC Thread#1"                     [id=9904, stack(0x000000515c800000,0x000000515c900000) (1024K)]
  0x00000170ea7b4270 WorkerThread "GC Thread#2"                     [id=27816, stack(0x000000515c900000,0x000000515ca00000) (1024K)]
  0x00000170ea84d5a0 WorkerThread "GC Thread#3"                     [id=29748, stack(0x000000515ca00000,0x000000515cb00000) (1024K)]
  0x00000170eab4fa70 WorkerThread "GC Thread#4"                     [id=25524, stack(0x000000515cb00000,0x000000515cc00000) (1024K)]
  0x00000170ebe33a30 WorkerThread "GC Thread#5"                     [id=4812, stack(0x000000515d700000,0x000000515d800000) (1024K)]
  0x00000170ebe3ae30 WorkerThread "GC Thread#6"                     [id=25404, stack(0x000000515d800000,0x000000515d900000) (1024K)]
  0x00000170ebe3b1d0 WorkerThread "GC Thread#7"                     [id=25552, stack(0x000000515d900000,0x000000515da00000) (1024K)]
  0x00000170cdda4b60 ConcurrentGCThread "G1 Main Marker"            [id=25080, stack(0x000000515b700000,0x000000515b800000) (1024K)]
  0x00000170cdda62b0 WorkerThread "G1 Conc#0"                       [id=24952, stack(0x000000515b800000,0x000000515b900000) (1024K)]
  0x00000170ebf384f0 WorkerThread "G1 Conc#1"                       [id=30200, stack(0x000000515da00000,0x000000515db00000) (1024K)]
  0x00000170e52e9660 ConcurrentGCThread "G1 Refine#0"               [id=3284, stack(0x000000515b900000,0x000000515ba00000) (1024K)]
  0x00000170e52e9f80 ConcurrentGCThread "G1 Service"                [id=18248, stack(0x000000515ba00000,0x000000515bb00000) (1024K)]
Total: 15

Threads with active compile tasks:
C2 CompilerThread0  236412 29032   !   4       com.sun.tools.javac.parser.JavaTokenizer::readToken (1823 bytes)
C2 CompilerThread1  236412 29057   !   4       com.sun.tools.javac.jvm.PoolReader::resolve (400 bytes)
Total: 2

VM state: not at safepoint (normal execution)

VM Mutex/Monitor currently owned by a thread: None

Heap address: 0x0000000080000000, size: 2048 MB, Compressed Oops mode: 32-bit

CDS archive(s) not mapped
Compressed class space mapped at: 0x0000000100000000-0x0000000140000000, reserved size: 1073741824
Narrow klass base: 0x0000000000000000, Narrow klass shift: 3, Narrow klass range: 0x140000000

GC Precious Log:
 CardTable entry size: 512
 Card Set container configuration: InlinePtr #cards 5 size 8 Array Of Cards #cards 12 size 40 Howl #buckets 4 coarsen threshold 1843 Howl Bitmap #cards 512 size 80 coarsen threshold 460 Card regions per heap region 1 cards per card region 2048
 CPUs: 8 total, 8 available
 Memory: 12026M
 Large Page Support: Disabled
 NUMA Support: Disabled
 Compressed Oops: Enabled (32-bit)
 Heap Region Size: 1M
 Heap Min Capacity: 8M
 Heap Initial Capacity: 188M
 Heap Max Capacity: 2G
 Pre-touch: Disabled
 Parallel Workers: 8
 Concurrent Workers: 2
 Concurrent Refinement Workers: 8
 Periodic GC: Disabled

Heap:
 garbage-first heap   total 355328K, used 204847K [0x0000000080000000, 0x0000000100000000)
  region size 1024K, 25 young (25600K), 15 survivors (15360K)
 Metaspace       used 170603K, committed 172928K, reserved 1245184K
  class space    used 23062K, committed 24192K, reserved 1048576K

Heap Regions: E=young(eden), S=young(survivor), O=old, HS=humongous(starts), HC=humongous(continues), CS=collection set, F=free, TAMS=top-at-mark-start, PB=parsable bottom
|   0|0x0000000080000000, 0x0000000080100000, 0x0000000080100000|100%| O|  |TAMS 0x0000000080000000| PB 0x0000000080000000| Untracked 
|   1|0x0000000080100000, 0x0000000080200000, 0x0000000080200000|100%|HS|  |TAMS 0x0000000080100000| PB 0x0000000080100000| Complete 
|   2|0x0000000080200000, 0x0000000080300000, 0x0000000080300000|100%|HC|  |TAMS 0x0000000080200000| PB 0x0000000080200000| Complete 
|   3|0x0000000080300000, 0x0000000080400000, 0x0000000080400000|100%|HC|  |TAMS 0x0000000080300000| PB 0x0000000080300000| Complete 
|   4|0x0000000080400000, 0x0000000080500000, 0x0000000080500000|100%|HC|  |TAMS 0x0000000080400000| PB 0x0000000080400000| Complete 
|   5|0x0000000080500000, 0x0000000080600000, 0x0000000080600000|100%| O|  |TAMS 0x0000000080500000| PB 0x0000000080500000| Untracked 
|   6|0x0000000080600000, 0x0000000080700000, 0x0000000080700000|100%| O|  |TAMS 0x0000000080600000| PB 0x0000000080600000| Untracked 
|   7|0x0000000080700000, 0x0000000080800000, 0x0000000080800000|100%| O|  |TAMS 0x0000000080700000| PB 0x0000000080700000| Untracked 
|   8|0x0000000080800000, 0x00000000808fd238, 0x0000000080900000| 98%| O|  |TAMS 0x0000000080800000| PB 0x0000000080800000| Untracked 
|   9|0x0000000080900000, 0x0000000080a00000, 0x0000000080a00000|100%| O|  |TAMS 0x0000000080900000| PB 0x0000000080900000| Untracked 
|  10|0x0000000080a00000, 0x0000000080b00000, 0x0000000080b00000|100%| O|  |TAMS 0x0000000080a00000| PB 0x0000000080a00000| Untracked 
|  11|0x0000000080b00000, 0x0000000080c00000, 0x0000000080c00000|100%| O|  |TAMS 0x0000000080b00000| PB 0x0000000080b00000| Untracked 
|  12|0x0000000080c00000, 0x0000000080d00000, 0x0000000080d00000|100%| O|  |TAMS 0x0000000080c00000| PB 0x0000000080c00000| Untracked 
|  13|0x0000000080d00000, 0x0000000080e00000, 0x0000000080e00000|100%| O|  |TAMS 0x0000000080d00000| PB 0x0000000080d00000| Untracked 
|  14|0x0000000080e00000, 0x0000000080f00000, 0x0000000080f00000|100%| O|  |TAMS 0x0000000080e00000| PB 0x0000000080e00000| Untracked 
|  15|0x0000000080f00000, 0x0000000081000000, 0x0000000081000000|100%|HS|  |TAMS 0x0000000080f00000| PB 0x0000000080f00000| Complete 
|  16|0x0000000081000000, 0x0000000081100000, 0x0000000081100000|100%|HC|  |TAMS 0x0000000081000000| PB 0x0000000081000000| Complete 
|  17|0x0000000081100000, 0x0000000081200000, 0x0000000081200000|100%| O|  |TAMS 0x0000000081100000| PB 0x0000000081100000| Untracked 
|  18|0x0000000081200000, 0x0000000081300000, 0x0000000081300000|100%| O|  |TAMS 0x0000000081200000| PB 0x0000000081200000| Untracked 
|  19|0x0000000081300000, 0x0000000081400000, 0x0000000081400000|100%| O|  |TAMS 0x0000000081300000| PB 0x0000000081300000| Untracked 
|  20|0x0000000081400000, 0x0000000081500000, 0x0000000081500000|100%| O|  |TAMS 0x0000000081400000| PB 0x0000000081400000| Untracked 
|  21|0x0000000081500000, 0x0000000081600000, 0x0000000081600000|100%| O|  |TAMS 0x0000000081500000| PB 0x0000000081500000| Untracked 
|  22|0x0000000081600000, 0x0000000081700000, 0x0000000081700000|100%| O|  |TAMS 0x0000000081600000| PB 0x0000000081600000| Untracked 
|  23|0x0000000081700000, 0x0000000081800000, 0x0000000081800000|100%| O|  |TAMS 0x0000000081700000| PB 0x0000000081700000| Untracked 
|  24|0x0000000081800000, 0x0000000081900000, 0x0000000081900000|100%| O|  |TAMS 0x0000000081800000| PB 0x0000000081800000| Untracked 
|  25|0x0000000081900000, 0x0000000081a00000, 0x0000000081a00000|100%| O|  |TAMS 0x0000000081900000| PB 0x0000000081900000| Untracked 
|  26|0x0000000081a00000, 0x0000000081b00000, 0x0000000081b00000|100%| O|  |TAMS 0x0000000081a00000| PB 0x0000000081a00000| Untracked 
|  27|0x0000000081b00000, 0x0000000081c00000, 0x0000000081c00000|100%| O|  |TAMS 0x0000000081b00000| PB 0x0000000081b00000| Untracked 
|  28|0x0000000081c00000, 0x0000000081d00000, 0x0000000081d00000|100%| O|  |TAMS 0x0000000081c00000| PB 0x0000000081c00000| Untracked 
|  29|0x0000000081d00000, 0x0000000081e00000, 0x0000000081e00000|100%| O|  |TAMS 0x0000000081d00000| PB 0x0000000081d00000| Untracked 
|  30|0x0000000081e00000, 0x0000000081f00000, 0x0000000081f00000|100%| O|  |TAMS 0x0000000081e00000| PB 0x0000000081e00000| Untracked 
|  31|0x0000000081f00000, 0x0000000082000000, 0x0000000082000000|100%| O|  |TAMS 0x0000000081f00000| PB 0x0000000081f00000| Untracked 
|  32|0x0000000082000000, 0x0000000082100000, 0x0000000082100000|100%| O|  |TAMS 0x0000000082000000| PB 0x0000000082000000| Untracked 
|  33|0x0000000082100000, 0x0000000082200000, 0x0000000082200000|100%| O|  |TAMS 0x0000000082100000| PB 0x0000000082100000| Untracked 
|  34|0x0000000082200000, 0x0000000082300000, 0x0000000082300000|100%| O|  |TAMS 0x0000000082200000| PB 0x0000000082200000| Untracked 
|  35|0x0000000082300000, 0x0000000082400000, 0x0000000082400000|100%| O|  |TAMS 0x0000000082300000| PB 0x0000000082300000| Untracked 
|  36|0x0000000082400000, 0x0000000082500000, 0x0000000082500000|100%| O|  |TAMS 0x0000000082400000| PB 0x0000000082400000| Untracked 
|  37|0x0000000082500000, 0x0000000082600000, 0x0000000082600000|100%| O|  |TAMS 0x0000000082500000| PB 0x0000000082500000| Untracked 
|  38|0x0000000082600000, 0x0000000082700000, 0x0000000082700000|100%|HS|  |TAMS 0x0000000082600000| PB 0x0000000082600000| Complete 
|  39|0x0000000082700000, 0x0000000082800000, 0x0000000082800000|100%|HS|  |TAMS 0x0000000082700000| PB 0x0000000082700000| Complete 
|  40|0x0000000082800000, 0x0000000082900000, 0x0000000082900000|100%|HS|  |TAMS 0x0000000082800000| PB 0x0000000082800000| Complete 
|  41|0x0000000082900000, 0x0000000082a00000, 0x0000000082a00000|100%|HC|  |TAMS 0x0000000082900000| PB 0x0000000082900000| Complete 
|  42|0x0000000082a00000, 0x0000000082b00000, 0x0000000082b00000|100%|HS|  |TAMS 0x0000000082a00000| PB 0x0000000082a00000| Complete 
|  43|0x0000000082b00000, 0x0000000082c00000, 0x0000000082c00000|100%| O|  |TAMS 0x0000000082b00000| PB 0x0000000082b00000| Untracked 
|  44|0x0000000082c00000, 0x0000000082d00000, 0x0000000082d00000|100%|HS|  |TAMS 0x0000000082c00000| PB 0x0000000082c00000| Complete 
|  45|0x0000000082d00000, 0x0000000082e00000, 0x0000000082e00000|100%| O|  |TAMS 0x0000000082d00000| PB 0x0000000082d00000| Untracked 
|  46|0x0000000082e00000, 0x0000000082f00000, 0x0000000082f00000|100%| O|  |TAMS 0x0000000082e00000| PB 0x0000000082e00000| Untracked 
|  47|0x0000000082f00000, 0x0000000083000000, 0x0000000083000000|100%| O|  |TAMS 0x0000000082f00000| PB 0x0000000082f00000| Untracked 
|  48|0x0000000083000000, 0x0000000083100000, 0x0000000083100000|100%| O|  |TAMS 0x0000000083000000| PB 0x0000000083000000| Untracked 
|  49|0x0000000083100000, 0x0000000083200000, 0x0000000083200000|100%|HS|  |TAMS 0x0000000083100000| PB 0x0000000083100000| Complete 
|  50|0x0000000083200000, 0x0000000083300000, 0x0000000083300000|100%|HC|  |TAMS 0x0000000083200000| PB 0x0000000083200000| Complete 
|  51|0x0000000083300000, 0x0000000083400000, 0x0000000083400000|100%|HS|  |TAMS 0x0000000083300000| PB 0x0000000083300000| Complete 
|  52|0x0000000083400000, 0x0000000083500000, 0x0000000083500000|100%|HC|  |TAMS 0x0000000083400000| PB 0x0000000083400000| Complete 
|  53|0x0000000083500000, 0x0000000083600000, 0x0000000083600000|100%|HC|  |TAMS 0x0000000083500000| PB 0x0000000083500000| Complete 
|  54|0x0000000083600000, 0x0000000083700000, 0x0000000083700000|100%|HC|  |TAMS 0x0000000083600000| PB 0x0000000083600000| Complete 
|  55|0x0000000083700000, 0x0000000083800000, 0x0000000083800000|100%| O|  |TAMS 0x0000000083700000| PB 0x0000000083700000| Untracked 
|  56|0x0000000083800000, 0x0000000083900000, 0x0000000083900000|100%|HS|  |TAMS 0x0000000083800000| PB 0x0000000083800000| Complete 
|  57|0x0000000083900000, 0x0000000083a00000, 0x0000000083a00000|100%| O|  |TAMS 0x0000000083900000| PB 0x0000000083900000| Untracked 
|  58|0x0000000083a00000, 0x0000000083b00000, 0x0000000083b00000|100%| O|  |TAMS 0x0000000083a00000| PB 0x0000000083a00000| Untracked 
|  59|0x0000000083b00000, 0x0000000083c00000, 0x0000000083c00000|100%| O|  |TAMS 0x0000000083b00000| PB 0x0000000083b00000| Untracked 
|  60|0x0000000083c00000, 0x0000000083d00000, 0x0000000083d00000|100%| O|  |TAMS 0x0000000083c00000| PB 0x0000000083c00000| Untracked 
|  61|0x0000000083d00000, 0x0000000083e00000, 0x0000000083e00000|100%| O|  |TAMS 0x0000000083d00000| PB 0x0000000083d00000| Untracked 
|  62|0x0000000083e00000, 0x0000000083f00000, 0x0000000083f00000|100%| O|  |TAMS 0x0000000083e00000| PB 0x0000000083e00000| Untracked 
|  63|0x0000000083f00000, 0x0000000084000000, 0x0000000084000000|100%|HS|  |TAMS 0x0000000083f00000| PB 0x0000000083f00000| Complete 
|  64|0x0000000084000000, 0x0000000084100000, 0x0000000084100000|100%|HC|  |TAMS 0x0000000084000000| PB 0x0000000084000000| Complete 
|  65|0x0000000084100000, 0x0000000084200000, 0x0000000084200000|100%|HC|  |TAMS 0x0000000084100000| PB 0x0000000084100000| Complete 
|  66|0x0000000084200000, 0x0000000084300000, 0x0000000084300000|100%|HC|  |TAMS 0x0000000084200000| PB 0x0000000084200000| Complete 
|  67|0x0000000084300000, 0x0000000084400000, 0x0000000084400000|100%| O|  |TAMS 0x0000000084300000| PB 0x0000000084300000| Untracked 
|  68|0x0000000084400000, 0x0000000084500000, 0x0000000084500000|100%| O|  |TAMS 0x0000000084400000| PB 0x0000000084400000| Untracked 
|  69|0x0000000084500000, 0x0000000084600000, 0x0000000084600000|100%| O|  |TAMS 0x0000000084500000| PB 0x0000000084500000| Untracked 
|  70|0x0000000084600000, 0x0000000084700000, 0x0000000084700000|100%| O|  |TAMS 0x0000000084600000| PB 0x0000000084600000| Untracked 
|  71|0x0000000084700000, 0x0000000084800000, 0x0000000084800000|100%| O|  |TAMS 0x0000000084700000| PB 0x0000000084700000| Untracked 
|  72|0x0000000084800000, 0x0000000084900000, 0x0000000084900000|100%| O|  |TAMS 0x0000000084800000| PB 0x0000000084800000| Untracked 
|  73|0x0000000084900000, 0x0000000084a00000, 0x0000000084a00000|100%| O|  |TAMS 0x0000000084900000| PB 0x0000000084900000| Untracked 
|  74|0x0000000084a00000, 0x0000000084b00000, 0x0000000084b00000|100%| O|  |TAMS 0x0000000084a00000| PB 0x0000000084a00000| Untracked 
|  75|0x0000000084b00000, 0x0000000084c00000, 0x0000000084c00000|100%| O|  |TAMS 0x0000000084b00000| PB 0x0000000084b00000| Untracked 
|  76|0x0000000084c00000, 0x0000000084d00000, 0x0000000084d00000|100%| O|  |TAMS 0x0000000084c00000| PB 0x0000000084c00000| Untracked 
|  77|0x0000000084d00000, 0x0000000084e00000, 0x0000000084e00000|100%| O|  |TAMS 0x0000000084d00000| PB 0x0000000084d00000| Untracked 
|  78|0x0000000084e00000, 0x0000000084f00000, 0x0000000084f00000|100%| O|  |TAMS 0x0000000084e00000| PB 0x0000000084e00000| Untracked 
|  79|0x0000000084f00000, 0x0000000085000000, 0x0000000085000000|100%| O|  |TAMS 0x0000000084f00000| PB 0x0000000084f00000| Untracked 
|  80|0x0000000085000000, 0x0000000085100000, 0x0000000085100000|100%| O|  |TAMS 0x0000000085000000| PB 0x0000000085000000| Untracked 
|  81|0x0000000085100000, 0x0000000085200000, 0x0000000085200000|100%| O|  |TAMS 0x0000000085100000| PB 0x0000000085100000| Untracked 
|  82|0x0000000085200000, 0x0000000085300000, 0x0000000085300000|100%| O|  |TAMS 0x0000000085200000| PB 0x0000000085200000| Untracked 
|  83|0x0000000085300000, 0x0000000085400000, 0x0000000085400000|100%| O|  |TAMS 0x0000000085300000| PB 0x0000000085300000| Untracked 
|  84|0x0000000085400000, 0x0000000085500000, 0x0000000085500000|100%| O|  |TAMS 0x0000000085400000| PB 0x0000000085400000| Untracked 
|  85|0x0000000085500000, 0x0000000085600000, 0x0000000085600000|100%| O|  |TAMS 0x0000000085500000| PB 0x0000000085500000| Untracked 
|  86|0x0000000085600000, 0x0000000085700000, 0x0000000085700000|100%| O|  |TAMS 0x0000000085600000| PB 0x0000000085600000| Untracked 
|  87|0x0000000085700000, 0x0000000085800000, 0x0000000085800000|100%| O|  |TAMS 0x0000000085700000| PB 0x0000000085700000| Untracked 
|  88|0x0000000085800000, 0x0000000085900000, 0x0000000085900000|100%| O|  |TAMS 0x0000000085800000| PB 0x0000000085800000| Untracked 
|  89|0x0000000085900000, 0x0000000085a00000, 0x0000000085a00000|100%| O|  |TAMS 0x0000000085900000| PB 0x0000000085900000| Untracked 
|  90|0x0000000085a00000, 0x0000000085b00000, 0x0000000085b00000|100%| O|  |TAMS 0x0000000085a00000| PB 0x0000000085a00000| Untracked 
|  91|0x0000000085b00000, 0x0000000085c00000, 0x0000000085c00000|100%| O|  |TAMS 0x0000000085b00000| PB 0x0000000085b00000| Untracked 
|  92|0x0000000085c00000, 0x0000000085d00000, 0x0000000085d00000|100%| O|  |TAMS 0x0000000085c00000| PB 0x0000000085c00000| Untracked 
|  93|0x0000000085d00000, 0x0000000085e00000, 0x0000000085e00000|100%| O|  |TAMS 0x0000000085d00000| PB 0x0000000085d00000| Untracked 
|  94|0x0000000085e00000, 0x0000000085f00000, 0x0000000085f00000|100%| O|  |TAMS 0x0000000085e00000| PB 0x0000000085e00000| Untracked 
|  95|0x0000000085f00000, 0x0000000086000000, 0x0000000086000000|100%| O|  |TAMS 0x0000000085f00000| PB 0x0000000085f00000| Untracked 
|  96|0x0000000086000000, 0x0000000086100000, 0x0000000086100000|100%| O|  |TAMS 0x0000000086000000| PB 0x0000000086000000| Untracked 
|  97|0x0000000086100000, 0x0000000086200000, 0x0000000086200000|100%| O|  |TAMS 0x0000000086100000| PB 0x0000000086100000| Untracked 
|  98|0x0000000086200000, 0x0000000086300000, 0x0000000086300000|100%| O|  |TAMS 0x0000000086200000| PB 0x0000000086200000| Untracked 
|  99|0x0000000086300000, 0x0000000086400000, 0x0000000086400000|100%| O|  |TAMS 0x0000000086300000| PB 0x0000000086300000| Untracked 
| 100|0x0000000086400000, 0x0000000086500000, 0x0000000086500000|100%| O|  |TAMS 0x0000000086400000| PB 0x0000000086400000| Untracked 
| 101|0x0000000086500000, 0x0000000086600000, 0x0000000086600000|100%| O|  |TAMS 0x0000000086500000| PB 0x0000000086500000| Untracked 
| 102|0x0000000086600000, 0x0000000086700000, 0x0000000086700000|100%| O|  |TAMS 0x0000000086600000| PB 0x0000000086600000| Untracked 
| 103|0x0000000086700000, 0x0000000086800000, 0x0000000086800000|100%| O|  |TAMS 0x0000000086700000| PB 0x0000000086700000| Untracked 
| 104|0x0000000086800000, 0x0000000086900000, 0x0000000086900000|100%| O|  |TAMS 0x0000000086800000| PB 0x0000000086800000| Untracked 
| 105|0x0000000086900000, 0x0000000086a00000, 0x0000000086a00000|100%| O|  |TAMS 0x0000000086900000| PB 0x0000000086900000| Untracked 
| 106|0x0000000086a00000, 0x0000000086b00000, 0x0000000086b00000|100%| O|  |TAMS 0x0000000086a00000| PB 0x0000000086a00000| Untracked 
| 107|0x0000000086b00000, 0x0000000086c00000, 0x0000000086c00000|100%| O|  |TAMS 0x0000000086b00000| PB 0x0000000086b00000| Untracked 
| 108|0x0000000086c00000, 0x0000000086d00000, 0x0000000086d00000|100%| O|  |TAMS 0x0000000086c00000| PB 0x0000000086c00000| Untracked 
| 109|0x0000000086d00000, 0x0000000086e00000, 0x0000000086e00000|100%| O|  |TAMS 0x0000000086d00000| PB 0x0000000086d00000| Untracked 
| 110|0x0000000086e00000, 0x0000000086f00000, 0x0000000086f00000|100%|HS|  |TAMS 0x0000000086e00000| PB 0x0000000086e00000| Complete 
| 111|0x0000000086f00000, 0x0000000087000000, 0x0000000087000000|100%|HS|  |TAMS 0x0000000086f00000| PB 0x0000000086f00000| Complete 
| 112|0x0000000087000000, 0x0000000087100000, 0x0000000087100000|100%|HC|  |TAMS 0x0000000087000000| PB 0x0000000087000000| Complete 
| 113|0x0000000087100000, 0x0000000087200000, 0x0000000087200000|100%| O|  |TAMS 0x0000000087100000| PB 0x0000000087100000| Untracked 
| 114|0x0000000087200000, 0x0000000087283460, 0x0000000087300000| 51%| O|  |TAMS 0x0000000087200000| PB 0x0000000087200000| Untracked 
| 115|0x0000000087300000, 0x0000000087400000, 0x0000000087400000|100%| O|  |TAMS 0x0000000087300000| PB 0x0000000087300000| Untracked 
| 116|0x0000000087400000, 0x0000000087500000, 0x0000000087500000|100%| O|Cm|TAMS 0x0000000087400000| PB 0x0000000087400000| Complete 
| 117|0x0000000087500000, 0x0000000087600000, 0x0000000087600000|100%| O|  |TAMS 0x0000000087500000| PB 0x0000000087500000| Untracked 
| 118|0x0000000087600000, 0x0000000087700000, 0x0000000087700000|100%| O|  |TAMS 0x0000000087600000| PB 0x0000000087600000| Untracked 
| 119|0x0000000087700000, 0x0000000087800000, 0x0000000087800000|100%| O|  |TAMS 0x0000000087700000| PB 0x0000000087700000| Untracked 
| 120|0x0000000087800000, 0x0000000087900000, 0x0000000087900000|100%| O|  |TAMS 0x0000000087800000| PB 0x0000000087800000| Untracked 
| 121|0x0000000087900000, 0x0000000087a00000, 0x0000000087a00000|100%| O|  |TAMS 0x0000000087900000| PB 0x0000000087900000| Untracked 
| 122|0x0000000087a00000, 0x0000000087b00000, 0x0000000087b00000|100%|HS|  |TAMS 0x0000000087a00000| PB 0x0000000087a00000| Complete 
| 123|0x0000000087b00000, 0x0000000087c00000, 0x0000000087c00000|100%|HC|  |TAMS 0x0000000087b00000| PB 0x0000000087b00000| Complete 
| 124|0x0000000087c00000, 0x0000000087d00000, 0x0000000087d00000|100%| O|  |TAMS 0x0000000087c00000| PB 0x0000000087c00000| Untracked 
| 125|0x0000000087d00000, 0x0000000087e00000, 0x0000000087e00000|100%| O|  |TAMS 0x0000000087d00000| PB 0x0000000087d00000| Untracked 
| 126|0x0000000087e00000, 0x0000000087f00000, 0x0000000087f00000|100%| O|  |TAMS 0x0000000087e00000| PB 0x0000000087e00000| Untracked 
| 127|0x0000000087f00000, 0x0000000088000000, 0x0000000088000000|100%| O|  |TAMS 0x0000000087f00000| PB 0x0000000087f00000| Untracked 
| 128|0x0000000088000000, 0x0000000088100000, 0x0000000088100000|100%| O|  |TAMS 0x0000000088000000| PB 0x0000000088000000| Untracked 
| 129|0x0000000088100000, 0x0000000088200000, 0x0000000088200000|100%| O|  |TAMS 0x0000000088100000| PB 0x0000000088100000| Untracked 
| 130|0x0000000088200000, 0x0000000088300000, 0x0000000088300000|100%|HS|  |TAMS 0x0000000088200000| PB 0x0000000088200000| Complete 
| 131|0x0000000088300000, 0x0000000088400000, 0x0000000088400000|100%|HC|  |TAMS 0x0000000088300000| PB 0x0000000088300000| Complete 
| 132|0x0000000088400000, 0x0000000088500000, 0x0000000088500000|100%| S|CS|TAMS 0x0000000088400000| PB 0x0000000088400000| Complete 
| 133|0x0000000088500000, 0x0000000088600000, 0x0000000088600000|100%| O|  |TAMS 0x0000000088500000| PB 0x0000000088500000| Untracked 
| 134|0x0000000088600000, 0x0000000088600000, 0x0000000088700000|  0%| F|  |TAMS 0x0000000088600000| PB 0x0000000088600000| Untracked 
| 135|0x0000000088700000, 0x0000000088700000, 0x0000000088800000|  0%| F|  |TAMS 0x0000000088700000| PB 0x0000000088700000| Untracked 
| 136|0x0000000088800000, 0x0000000088800000, 0x0000000088900000|  0%| F|  |TAMS 0x0000000088800000| PB 0x0000000088800000| Untracked 
| 137|0x0000000088900000, 0x0000000088a00000, 0x0000000088a00000|100%| O|  |TAMS 0x0000000088900000| PB 0x0000000088900000| Untracked 
| 138|0x0000000088a00000, 0x0000000088b00000, 0x0000000088b00000|100%| O|  |TAMS 0x0000000088a00000| PB 0x0000000088a00000| Untracked 
| 139|0x0000000088b00000, 0x0000000088c00000, 0x0000000088c00000|100%| O|  |TAMS 0x0000000088b00000| PB 0x0000000088b00000| Untracked 
| 140|0x0000000088c00000, 0x0000000088d00000, 0x0000000088d00000|100%| O|  |TAMS 0x0000000088c00000| PB 0x0000000088c00000| Untracked 
| 141|0x0000000088d00000, 0x0000000088e00000, 0x0000000088e00000|100%| O|  |TAMS 0x0000000088d00000| PB 0x0000000088d00000| Untracked 
| 142|0x0000000088e00000, 0x0000000088f00000, 0x0000000088f00000|100%| O|  |TAMS 0x0000000088e00000| PB 0x0000000088e00000| Untracked 
| 143|0x0000000088f00000, 0x0000000089000000, 0x0000000089000000|100%| O|Cm|TAMS 0x0000000088f00000| PB 0x0000000088f00000| Complete 
| 144|0x0000000089000000, 0x0000000089000000, 0x0000000089100000|  0%| F|  |TAMS 0x0000000089000000| PB 0x0000000089000000| Untracked 
| 145|0x0000000089100000, 0x0000000089100000, 0x0000000089200000|  0%| F|  |TAMS 0x0000000089100000| PB 0x0000000089100000| Untracked 
| 146|0x0000000089200000, 0x0000000089200000, 0x0000000089300000|  0%| F|  |TAMS 0x0000000089200000| PB 0x0000000089200000| Untracked 
| 147|0x0000000089300000, 0x0000000089400000, 0x0000000089400000|100%| O|Cm|TAMS 0x0000000089300000| PB 0x0000000089300000| Complete 
| 148|0x0000000089400000, 0x0000000089500000, 0x0000000089500000|100%| O|  |TAMS 0x0000000089400000| PB 0x0000000089400000| Untracked 
| 149|0x0000000089500000, 0x0000000089600000, 0x0000000089600000|100%| O|  |TAMS 0x0000000089500000| PB 0x0000000089500000| Untracked 
| 150|0x0000000089600000, 0x0000000089700000, 0x0000000089700000|100%| O|  |TAMS 0x0000000089600000| PB 0x0000000089600000| Untracked 
| 151|0x0000000089700000, 0x0000000089800000, 0x0000000089800000|100%| O|  |TAMS 0x0000000089700000| PB 0x0000000089700000| Untracked 
| 152|0x0000000089800000, 0x0000000089900000, 0x0000000089900000|100%| O|Cm|TAMS 0x0000000089800000| PB 0x0000000089800000| Complete 
| 153|0x0000000089900000, 0x0000000089a00000, 0x0000000089a00000|100%| O|  |TAMS 0x0000000089900000| PB 0x0000000089900000| Untracked 
| 154|0x0000000089a00000, 0x0000000089b00000, 0x0000000089b00000|100%| O|  |TAMS 0x0000000089a00000| PB 0x0000000089a00000| Untracked 
| 155|0x0000000089b00000, 0x0000000089c00000, 0x0000000089c00000|100%| O|  |TAMS 0x0000000089b00000| PB 0x0000000089b00000| Untracked 
| 156|0x0000000089c00000, 0x0000000089c00000, 0x0000000089d00000|  0%| F|  |TAMS 0x0000000089c00000| PB 0x0000000089c00000| Untracked 
| 157|0x0000000089d00000, 0x0000000089e00000, 0x0000000089e00000|100%| O|  |TAMS 0x0000000089d00000| PB 0x0000000089d00000| Untracked 
| 158|0x0000000089e00000, 0x0000000089e00000, 0x0000000089f00000|  0%| F|  |TAMS 0x0000000089e00000| PB 0x0000000089e00000| Untracked 
| 159|0x0000000089f00000, 0x000000008a000000, 0x000000008a000000|100%| S|CS|TAMS 0x0000000089f00000| PB 0x0000000089f00000| Complete 
| 160|0x000000008a000000, 0x000000008a100000, 0x000000008a100000|100%| O|Cm|TAMS 0x000000008a000000| PB 0x000000008a000000| Complete 
| 161|0x000000008a100000, 0x000000008a200000, 0x000000008a200000|100%| O|Cm|TAMS 0x000000008a100000| PB 0x000000008a100000| Complete 
| 162|0x000000008a200000, 0x000000008a300000, 0x000000008a300000|100%| O|  |TAMS 0x000000008a200000| PB 0x000000008a200000| Untracked 
| 163|0x000000008a300000, 0x000000008a300000, 0x000000008a400000|  0%| F|  |TAMS 0x000000008a300000| PB 0x000000008a300000| Untracked 
| 164|0x000000008a400000, 0x000000008a400000, 0x000000008a500000|  0%| F|  |TAMS 0x000000008a400000| PB 0x000000008a400000| Untracked 
| 165|0x000000008a500000, 0x000000008a600000, 0x000000008a600000|100%| S|CS|TAMS 0x000000008a500000| PB 0x000000008a500000| Complete 
| 166|0x000000008a600000, 0x000000008a700000, 0x000000008a700000|100%| O|  |TAMS 0x000000008a600000| PB 0x000000008a600000| Untracked 
| 167|0x000000008a700000, 0x000000008a800000, 0x000000008a800000|100%| O|Cm|TAMS 0x000000008a700000| PB 0x000000008a700000| Complete 
| 168|0x000000008a800000, 0x000000008a800000, 0x000000008a900000|  0%| F|  |TAMS 0x000000008a800000| PB 0x000000008a800000| Untracked 
| 169|0x000000008a900000, 0x000000008a900000, 0x000000008aa00000|  0%| F|  |TAMS 0x000000008a900000| PB 0x000000008a900000| Untracked 
| 170|0x000000008aa00000, 0x000000008ab00000, 0x000000008ab00000|100%| S|CS|TAMS 0x000000008aa00000| PB 0x000000008aa00000| Complete 
| 171|0x000000008ab00000, 0x000000008ac00000, 0x000000008ac00000|100%| O|  |TAMS 0x000000008ab00000| PB 0x000000008ab00000| Untracked 
| 172|0x000000008ac00000, 0x000000008ad00000, 0x000000008ad00000|100%| O|  |TAMS 0x000000008ac00000| PB 0x000000008ac00000| Untracked 
| 173|0x000000008ad00000, 0x000000008ae00000, 0x000000008ae00000|100%| O|  |TAMS 0x000000008ad00000| PB 0x000000008ad00000| Untracked 
| 174|0x000000008ae00000, 0x000000008af00000, 0x000000008af00000|100%| O|  |TAMS 0x000000008ae00000| PB 0x000000008ae00000| Untracked 
| 175|0x000000008af00000, 0x000000008b000000, 0x000000008b000000|100%| S|CS|TAMS 0x000000008af00000| PB 0x000000008af00000| Complete 
| 176|0x000000008b000000, 0x000000008b100000, 0x000000008b100000|100%| S|CS|TAMS 0x000000008b000000| PB 0x000000008b000000| Complete 
| 177|0x000000008b100000, 0x000000008b200000, 0x000000008b200000|100%| S|CS|TAMS 0x000000008b100000| PB 0x000000008b100000| Complete 
| 178|0x000000008b200000, 0x000000008b300000, 0x000000008b300000|100%| S|CS|TAMS 0x000000008b200000| PB 0x000000008b200000| Complete 
| 179|0x000000008b300000, 0x000000008b400000, 0x000000008b400000|100%| S|CS|TAMS 0x000000008b300000| PB 0x000000008b300000| Complete 
| 180|0x000000008b400000, 0x000000008b500000, 0x000000008b500000|100%| S|CS|TAMS 0x000000008b400000| PB 0x000000008b400000| Complete 
| 181|0x000000008b500000, 0x000000008b500000, 0x000000008b600000|  0%| F|  |TAMS 0x000000008b500000| PB 0x000000008b500000| Untracked 
| 182|0x000000008b600000, 0x000000008b600000, 0x000000008b700000|  0%| F|  |TAMS 0x000000008b600000| PB 0x000000008b600000| Untracked 
| 183|0x000000008b700000, 0x000000008b700000, 0x000000008b800000|  0%| F|  |TAMS 0x000000008b700000| PB 0x000000008b700000| Untracked 
| 184|0x000000008b800000, 0x000000008b800000, 0x000000008b900000|  0%| F|  |TAMS 0x000000008b800000| PB 0x000000008b800000| Untracked 
| 185|0x000000008b900000, 0x000000008b900000, 0x000000008ba00000|  0%| F|  |TAMS 0x000000008b900000| PB 0x000000008b900000| Untracked 
| 186|0x000000008ba00000, 0x000000008ba00000, 0x000000008bb00000|  0%| F|  |TAMS 0x000000008ba00000| PB 0x000000008ba00000| Untracked 
| 187|0x000000008bb00000, 0x000000008bb00000, 0x000000008bc00000|  0%| F|  |TAMS 0x000000008bb00000| PB 0x000000008bb00000| Untracked 
| 188|0x000000008bc00000, 0x000000008bc00000, 0x000000008bd00000|  0%| F|  |TAMS 0x000000008bc00000| PB 0x000000008bc00000| Untracked 
| 189|0x000000008bd00000, 0x000000008bd00000, 0x000000008be00000|  0%| F|  |TAMS 0x000000008bd00000| PB 0x000000008bd00000| Untracked 
| 190|0x000000008be00000, 0x000000008be00000, 0x000000008bf00000|  0%| F|  |TAMS 0x000000008be00000| PB 0x000000008be00000| Untracked 
| 191|0x000000008bf00000, 0x000000008bf00000, 0x000000008c000000|  0%| F|  |TAMS 0x000000008bf00000| PB 0x000000008bf00000| Untracked 
| 192|0x000000008c000000, 0x000000008c000000, 0x000000008c100000|  0%| F|  |TAMS 0x000000008c000000| PB 0x000000008c000000| Untracked 
| 193|0x000000008c100000, 0x000000008c100000, 0x000000008c200000|  0%| F|  |TAMS 0x000000008c100000| PB 0x000000008c100000| Untracked 
| 194|0x000000008c200000, 0x000000008c200000, 0x000000008c300000|  0%| F|  |TAMS 0x000000008c200000| PB 0x000000008c200000| Untracked 
| 195|0x000000008c300000, 0x000000008c300000, 0x000000008c400000|  0%| F|  |TAMS 0x000000008c300000| PB 0x000000008c300000| Untracked 
| 196|0x000000008c400000, 0x000000008c400000, 0x000000008c500000|  0%| F|  |TAMS 0x000000008c400000| PB 0x000000008c400000| Untracked 
| 197|0x000000008c500000, 0x000000008c500000, 0x000000008c600000|  0%| F|  |TAMS 0x000000008c500000| PB 0x000000008c500000| Untracked 
| 198|0x000000008c600000, 0x000000008c600000, 0x000000008c700000|  0%| F|  |TAMS 0x000000008c600000| PB 0x000000008c600000| Untracked 
| 199|0x000000008c700000, 0x000000008c700000, 0x000000008c800000|  0%| F|  |TAMS 0x000000008c700000| PB 0x000000008c700000| Untracked 
| 200|0x000000008c800000, 0x000000008c800000, 0x000000008c900000|  0%| F|  |TAMS 0x000000008c800000| PB 0x000000008c800000| Untracked 
| 201|0x000000008c900000, 0x000000008c900000, 0x000000008ca00000|  0%| F|  |TAMS 0x000000008c900000| PB 0x000000008c900000| Untracked 
| 202|0x000000008ca00000, 0x000000008ca00000, 0x000000008cb00000|  0%| F|  |TAMS 0x000000008ca00000| PB 0x000000008ca00000| Untracked 
| 203|0x000000008cb00000, 0x000000008cb00000, 0x000000008cc00000|  0%| F|  |TAMS 0x000000008cb00000| PB 0x000000008cb00000| Untracked 
| 204|0x000000008cc00000, 0x000000008cc00000, 0x000000008cd00000|  0%| F|  |TAMS 0x000000008cc00000| PB 0x000000008cc00000| Untracked 
| 205|0x000000008cd00000, 0x000000008cd00000, 0x000000008ce00000|  0%| F|  |TAMS 0x000000008cd00000| PB 0x000000008cd00000| Untracked 
| 206|0x000000008ce00000, 0x000000008ce00000, 0x000000008cf00000|  0%| F|  |TAMS 0x000000008ce00000| PB 0x000000008ce00000| Untracked 
| 207|0x000000008cf00000, 0x000000008cf00000, 0x000000008d000000|  0%| F|  |TAMS 0x000000008cf00000| PB 0x000000008cf00000| Untracked 
| 208|0x000000008d000000, 0x000000008d000000, 0x000000008d100000|  0%| F|  |TAMS 0x000000008d000000| PB 0x000000008d000000| Untracked 
| 209|0x000000008d100000, 0x000000008d100000, 0x000000008d200000|  0%| F|  |TAMS 0x000000008d100000| PB 0x000000008d100000| Untracked 
| 210|0x000000008d200000, 0x000000008d200000, 0x000000008d300000|  0%| F|  |TAMS 0x000000008d200000| PB 0x000000008d200000| Untracked 
| 211|0x000000008d300000, 0x000000008d300000, 0x000000008d400000|  0%| F|  |TAMS 0x000000008d300000| PB 0x000000008d300000| Untracked 
| 212|0x000000008d400000, 0x000000008d400000, 0x000000008d500000|  0%| F|  |TAMS 0x000000008d400000| PB 0x000000008d400000| Untracked 
| 213|0x000000008d500000, 0x000000008d500000, 0x000000008d600000|  0%| F|  |TAMS 0x000000008d500000| PB 0x000000008d500000| Untracked 
| 214|0x000000008d600000, 0x000000008d600000, 0x000000008d700000|  0%| F|  |TAMS 0x000000008d600000| PB 0x000000008d600000| Untracked 
| 215|0x000000008d700000, 0x000000008d700000, 0x000000008d800000|  0%| F|  |TAMS 0x000000008d700000| PB 0x000000008d700000| Untracked 
| 216|0x000000008d800000, 0x000000008d800000, 0x000000008d900000|  0%| F|  |TAMS 0x000000008d800000| PB 0x000000008d800000| Untracked 
| 217|0x000000008d900000, 0x000000008d900000, 0x000000008da00000|  0%| F|  |TAMS 0x000000008d900000| PB 0x000000008d900000| Untracked 
| 218|0x000000008da00000, 0x000000008da00000, 0x000000008db00000|  0%| F|  |TAMS 0x000000008da00000| PB 0x000000008da00000| Untracked 
| 219|0x000000008db00000, 0x000000008db00000, 0x000000008dc00000|  0%| F|  |TAMS 0x000000008db00000| PB 0x000000008db00000| Untracked 
| 220|0x000000008dc00000, 0x000000008dc00000, 0x000000008dd00000|  0%| F|  |TAMS 0x000000008dc00000| PB 0x000000008dc00000| Untracked 
| 221|0x000000008dd00000, 0x000000008dd00000, 0x000000008de00000|  0%| F|  |TAMS 0x000000008dd00000| PB 0x000000008dd00000| Untracked 
| 222|0x000000008de00000, 0x000000008de00000, 0x000000008df00000|  0%| F|  |TAMS 0x000000008de00000| PB 0x000000008de00000| Untracked 
| 223|0x000000008df00000, 0x000000008df00000, 0x000000008e000000|  0%| F|  |TAMS 0x000000008df00000| PB 0x000000008df00000| Untracked 
| 224|0x000000008e000000, 0x000000008e000000, 0x000000008e100000|  0%| F|  |TAMS 0x000000008e000000| PB 0x000000008e000000| Untracked 
| 225|0x000000008e100000, 0x000000008e100000, 0x000000008e200000|  0%| F|  |TAMS 0x000000008e100000| PB 0x000000008e100000| Untracked 
| 226|0x000000008e200000, 0x000000008e200000, 0x000000008e300000|  0%| F|  |TAMS 0x000000008e200000| PB 0x000000008e200000| Untracked 
| 227|0x000000008e300000, 0x000000008e300000, 0x000000008e400000|  0%| F|  |TAMS 0x000000008e300000| PB 0x000000008e300000| Untracked 
| 228|0x000000008e400000, 0x000000008e400000, 0x000000008e500000|  0%| F|  |TAMS 0x000000008e400000| PB 0x000000008e400000| Untracked 
| 229|0x000000008e500000, 0x000000008e500000, 0x000000008e600000|  0%| F|  |TAMS 0x000000008e500000| PB 0x000000008e500000| Untracked 
| 230|0x000000008e600000, 0x000000008e600000, 0x000000008e700000|  0%| F|  |TAMS 0x000000008e600000| PB 0x000000008e600000| Untracked 
| 231|0x000000008e700000, 0x000000008e700000, 0x000000008e800000|  0%| F|  |TAMS 0x000000008e700000| PB 0x000000008e700000| Untracked 
| 232|0x000000008e800000, 0x000000008e800000, 0x000000008e900000|  0%| F|  |TAMS 0x000000008e800000| PB 0x000000008e800000| Untracked 
| 233|0x000000008e900000, 0x000000008e900000, 0x000000008ea00000|  0%| F|  |TAMS 0x000000008e900000| PB 0x000000008e900000| Untracked 
| 234|0x000000008ea00000, 0x000000008ea00000, 0x000000008eb00000|  0%| F|  |TAMS 0x000000008ea00000| PB 0x000000008ea00000| Untracked 
| 235|0x000000008eb00000, 0x000000008eb00000, 0x000000008ec00000|  0%| F|  |TAMS 0x000000008eb00000| PB 0x000000008eb00000| Untracked 
| 236|0x000000008ec00000, 0x000000008ec00000, 0x000000008ed00000|  0%| F|  |TAMS 0x000000008ec00000| PB 0x000000008ec00000| Untracked 
| 237|0x000000008ed00000, 0x000000008ed00000, 0x000000008ee00000|  0%| F|  |TAMS 0x000000008ed00000| PB 0x000000008ed00000| Untracked 
| 238|0x000000008ee00000, 0x000000008ee00000, 0x000000008ef00000|  0%| F|  |TAMS 0x000000008ee00000| PB 0x000000008ee00000| Untracked 
| 239|0x000000008ef00000, 0x000000008ef00000, 0x000000008f000000|  0%| F|  |TAMS 0x000000008ef00000| PB 0x000000008ef00000| Untracked 
| 240|0x000000008f000000, 0x000000008f000000, 0x000000008f100000|  0%| F|  |TAMS 0x000000008f000000| PB 0x000000008f000000| Untracked 
| 241|0x000000008f100000, 0x000000008f100000, 0x000000008f200000|  0%| F|  |TAMS 0x000000008f100000| PB 0x000000008f100000| Untracked 
| 242|0x000000008f200000, 0x000000008f200000, 0x000000008f300000|  0%| F|  |TAMS 0x000000008f200000| PB 0x000000008f200000| Untracked 
| 243|0x000000008f300000, 0x000000008f300000, 0x000000008f400000|  0%| F|  |TAMS 0x000000008f300000| PB 0x000000008f300000| Untracked 
| 244|0x000000008f400000, 0x000000008f400000, 0x000000008f500000|  0%| F|  |TAMS 0x000000008f400000| PB 0x000000008f400000| Untracked 
| 245|0x000000008f500000, 0x000000008f500000, 0x000000008f600000|  0%| F|  |TAMS 0x000000008f500000| PB 0x000000008f500000| Untracked 
| 246|0x000000008f600000, 0x000000008f600000, 0x000000008f700000|  0%| F|  |TAMS 0x000000008f600000| PB 0x000000008f600000| Untracked 
| 247|0x000000008f700000, 0x000000008f700000, 0x000000008f800000|  0%| F|  |TAMS 0x000000008f700000| PB 0x000000008f700000| Untracked 
| 248|0x000000008f800000, 0x000000008f800000, 0x000000008f900000|  0%| F|  |TAMS 0x000000008f800000| PB 0x000000008f800000| Untracked 
| 249|0x000000008f900000, 0x000000008f900000, 0x000000008fa00000|  0%| F|  |TAMS 0x000000008f900000| PB 0x000000008f900000| Untracked 
| 250|0x000000008fa00000, 0x000000008fa00000, 0x000000008fb00000|  0%| F|  |TAMS 0x000000008fa00000| PB 0x000000008fa00000| Untracked 
| 251|0x000000008fb00000, 0x000000008fb00000, 0x000000008fc00000|  0%| F|  |TAMS 0x000000008fb00000| PB 0x000000008fb00000| Untracked 
| 252|0x000000008fc00000, 0x000000008fc00000, 0x000000008fd00000|  0%| F|  |TAMS 0x000000008fc00000| PB 0x000000008fc00000| Untracked 
| 253|0x000000008fd00000, 0x000000008fd00000, 0x000000008fe00000|  0%| F|  |TAMS 0x000000008fd00000| PB 0x000000008fd00000| Untracked 
| 254|0x000000008fe00000, 0x000000008fe00000, 0x000000008ff00000|  0%| F|  |TAMS 0x000000008fe00000| PB 0x000000008fe00000| Untracked 
| 255|0x000000008ff00000, 0x000000008ff00000, 0x0000000090000000|  0%| F|  |TAMS 0x000000008ff00000| PB 0x000000008ff00000| Untracked 
| 256|0x0000000090000000, 0x0000000090000000, 0x0000000090100000|  0%| F|  |TAMS 0x0000000090000000| PB 0x0000000090000000| Untracked 
| 257|0x0000000090100000, 0x0000000090100000, 0x0000000090200000|  0%| F|  |TAMS 0x0000000090100000| PB 0x0000000090100000| Untracked 
| 258|0x0000000090200000, 0x0000000090200000, 0x0000000090300000|  0%| F|  |TAMS 0x0000000090200000| PB 0x0000000090200000| Untracked 
| 259|0x0000000090300000, 0x0000000090300000, 0x0000000090400000|  0%| F|  |TAMS 0x0000000090300000| PB 0x0000000090300000| Untracked 
| 260|0x0000000090400000, 0x0000000090400000, 0x0000000090500000|  0%| F|  |TAMS 0x0000000090400000| PB 0x0000000090400000| Untracked 
| 261|0x0000000090500000, 0x0000000090500000, 0x0000000090600000|  0%| F|  |TAMS 0x0000000090500000| PB 0x0000000090500000| Untracked 
| 262|0x0000000090600000, 0x0000000090600000, 0x0000000090700000|  0%| F|  |TAMS 0x0000000090600000| PB 0x0000000090600000| Untracked 
| 263|0x0000000090700000, 0x0000000090700000, 0x0000000090800000|  0%| F|  |TAMS 0x0000000090700000| PB 0x0000000090700000| Untracked 
| 264|0x0000000090800000, 0x0000000090800000, 0x0000000090900000|  0%| F|  |TAMS 0x0000000090800000| PB 0x0000000090800000| Untracked 
| 265|0x0000000090900000, 0x0000000090900000, 0x0000000090a00000|  0%| F|  |TAMS 0x0000000090900000| PB 0x0000000090900000| Untracked 
| 266|0x0000000090a00000, 0x0000000090a00000, 0x0000000090b00000|  0%| F|  |TAMS 0x0000000090a00000| PB 0x0000000090a00000| Untracked 
| 267|0x0000000090b00000, 0x0000000090b00000, 0x0000000090c00000|  0%| F|  |TAMS 0x0000000090b00000| PB 0x0000000090b00000| Untracked 
| 268|0x0000000090c00000, 0x0000000090c00000, 0x0000000090d00000|  0%| F|  |TAMS 0x0000000090c00000| PB 0x0000000090c00000| Untracked 
| 269|0x0000000090d00000, 0x0000000090d00000, 0x0000000090e00000|  0%| F|  |TAMS 0x0000000090d00000| PB 0x0000000090d00000| Untracked 
| 270|0x0000000090e00000, 0x0000000090e00000, 0x0000000090f00000|  0%| F|  |TAMS 0x0000000090e00000| PB 0x0000000090e00000| Untracked 
| 271|0x0000000090f00000, 0x0000000090f00000, 0x0000000091000000|  0%| F|  |TAMS 0x0000000090f00000| PB 0x0000000090f00000| Untracked 
| 272|0x0000000091000000, 0x0000000091000000, 0x0000000091100000|  0%| F|  |TAMS 0x0000000091000000| PB 0x0000000091000000| Untracked 
| 273|0x0000000091100000, 0x0000000091100000, 0x0000000091200000|  0%| F|  |TAMS 0x0000000091100000| PB 0x0000000091100000| Untracked 
| 274|0x0000000091200000, 0x0000000091200000, 0x0000000091300000|  0%| F|  |TAMS 0x0000000091200000| PB 0x0000000091200000| Untracked 
| 275|0x0000000091300000, 0x0000000091300000, 0x0000000091400000|  0%| F|  |TAMS 0x0000000091300000| PB 0x0000000091300000| Untracked 
| 276|0x0000000091400000, 0x0000000091400000, 0x0000000091500000|  0%| F|  |TAMS 0x0000000091400000| PB 0x0000000091400000| Untracked 
| 277|0x0000000091500000, 0x0000000091500000, 0x0000000091600000|  0%| F|  |TAMS 0x0000000091500000| PB 0x0000000091500000| Untracked 
| 278|0x0000000091600000, 0x0000000091600000, 0x0000000091700000|  0%| F|  |TAMS 0x0000000091600000| PB 0x0000000091600000| Untracked 
| 279|0x0000000091700000, 0x0000000091700000, 0x0000000091800000|  0%| F|  |TAMS 0x0000000091700000| PB 0x0000000091700000| Untracked 
| 280|0x0000000091800000, 0x0000000091800000, 0x0000000091900000|  0%| F|  |TAMS 0x0000000091800000| PB 0x0000000091800000| Untracked 
| 281|0x0000000091900000, 0x0000000091900000, 0x0000000091a00000|  0%| F|  |TAMS 0x0000000091900000| PB 0x0000000091900000| Untracked 
| 282|0x0000000091a00000, 0x0000000091a00000, 0x0000000091b00000|  0%| F|  |TAMS 0x0000000091a00000| PB 0x0000000091a00000| Untracked 
| 283|0x0000000091b00000, 0x0000000091b00000, 0x0000000091c00000|  0%| F|  |TAMS 0x0000000091b00000| PB 0x0000000091b00000| Untracked 
| 284|0x0000000091c00000, 0x0000000091c00000, 0x0000000091d00000|  0%| F|  |TAMS 0x0000000091c00000| PB 0x0000000091c00000| Untracked 
| 285|0x0000000091d00000, 0x0000000091d00000, 0x0000000091e00000|  0%| F|  |TAMS 0x0000000091d00000| PB 0x0000000091d00000| Untracked 
| 286|0x0000000091e00000, 0x0000000091e00000, 0x0000000091f00000|  0%| F|  |TAMS 0x0000000091e00000| PB 0x0000000091e00000| Untracked 
| 287|0x0000000091f00000, 0x0000000091f00000, 0x0000000092000000|  0%| F|  |TAMS 0x0000000091f00000| PB 0x0000000091f00000| Untracked 
| 288|0x0000000092000000, 0x0000000092000000, 0x0000000092100000|  0%| F|  |TAMS 0x0000000092000000| PB 0x0000000092000000| Untracked 
| 289|0x0000000092100000, 0x0000000092100000, 0x0000000092200000|  0%| F|  |TAMS 0x0000000092100000| PB 0x0000000092100000| Untracked 
| 290|0x0000000092200000, 0x0000000092200000, 0x0000000092300000|  0%| F|  |TAMS 0x0000000092200000| PB 0x0000000092200000| Untracked 
| 291|0x0000000092300000, 0x0000000092300000, 0x0000000092400000|  0%| F|  |TAMS 0x0000000092300000| PB 0x0000000092300000| Untracked 
| 292|0x0000000092400000, 0x0000000092400000, 0x0000000092500000|  0%| F|  |TAMS 0x0000000092400000| PB 0x0000000092400000| Untracked 
| 293|0x0000000092500000, 0x0000000092500000, 0x0000000092600000|  0%| F|  |TAMS 0x0000000092500000| PB 0x0000000092500000| Untracked 
| 294|0x0000000092600000, 0x0000000092600000, 0x0000000092700000|  0%| F|  |TAMS 0x0000000092600000| PB 0x0000000092600000| Untracked 
| 295|0x0000000092700000, 0x0000000092700000, 0x0000000092800000|  0%| F|  |TAMS 0x0000000092700000| PB 0x0000000092700000| Untracked 
| 296|0x0000000092800000, 0x0000000092800000, 0x0000000092900000|  0%| F|  |TAMS 0x0000000092800000| PB 0x0000000092800000| Untracked 
| 297|0x0000000092900000, 0x0000000092900000, 0x0000000092a00000|  0%| F|  |TAMS 0x0000000092900000| PB 0x0000000092900000| Untracked 
| 298|0x0000000092a00000, 0x0000000092a00000, 0x0000000092b00000|  0%| F|  |TAMS 0x0000000092a00000| PB 0x0000000092a00000| Untracked 
| 299|0x0000000092b00000, 0x0000000092b00000, 0x0000000092c00000|  0%| F|  |TAMS 0x0000000092b00000| PB 0x0000000092b00000| Untracked 
| 300|0x0000000092c00000, 0x0000000092c00000, 0x0000000092d00000|  0%| F|  |TAMS 0x0000000092c00000| PB 0x0000000092c00000| Untracked 
| 301|0x0000000092d00000, 0x0000000092d00000, 0x0000000092e00000|  0%| F|  |TAMS 0x0000000092d00000| PB 0x0000000092d00000| Untracked 
| 302|0x0000000092e00000, 0x0000000092e00000, 0x0000000092f00000|  0%| F|  |TAMS 0x0000000092e00000| PB 0x0000000092e00000| Untracked 
| 303|0x0000000092f00000, 0x0000000092f00000, 0x0000000093000000|  0%| F|  |TAMS 0x0000000092f00000| PB 0x0000000092f00000| Untracked 
| 304|0x0000000093000000, 0x0000000093000000, 0x0000000093100000|  0%| F|  |TAMS 0x0000000093000000| PB 0x0000000093000000| Untracked 
| 305|0x0000000093100000, 0x0000000093100000, 0x0000000093200000|  0%| F|  |TAMS 0x0000000093100000| PB 0x0000000093100000| Untracked 
| 306|0x0000000093200000, 0x0000000093200000, 0x0000000093300000|  0%| F|  |TAMS 0x0000000093200000| PB 0x0000000093200000| Untracked 
| 307|0x0000000093300000, 0x0000000093300000, 0x0000000093400000|  0%| F|  |TAMS 0x0000000093300000| PB 0x0000000093300000| Untracked 
| 308|0x0000000093400000, 0x0000000093400000, 0x0000000093500000|  0%| F|  |TAMS 0x0000000093400000| PB 0x0000000093400000| Untracked 
| 309|0x0000000093500000, 0x0000000093500000, 0x0000000093600000|  0%| F|  |TAMS 0x0000000093500000| PB 0x0000000093500000| Untracked 
| 310|0x0000000093600000, 0x0000000093600000, 0x0000000093700000|  0%| F|  |TAMS 0x0000000093600000| PB 0x0000000093600000| Untracked 
| 311|0x0000000093700000, 0x0000000093800000, 0x0000000093800000|100%| S|CS|TAMS 0x0000000093700000| PB 0x0000000093700000| Complete 
| 312|0x0000000093800000, 0x0000000093900000, 0x0000000093900000|100%| S|CS|TAMS 0x0000000093800000| PB 0x0000000093800000| Complete 
| 313|0x0000000093900000, 0x0000000093a00000, 0x0000000093a00000|100%| S|CS|TAMS 0x0000000093900000| PB 0x0000000093900000| Complete 
| 314|0x0000000093a00000, 0x0000000093b00000, 0x0000000093b00000|100%| S|CS|TAMS 0x0000000093a00000| PB 0x0000000093a00000| Complete 
| 315|0x0000000093b00000, 0x0000000093b8b920, 0x0000000093c00000| 54%| S|CS|TAMS 0x0000000093b00000| PB 0x0000000093b00000| Complete 
|2017|0x00000000fe100000, 0x00000000fe200000, 0x00000000fe200000|100%| O|  |TAMS 0x00000000fe100000| PB 0x00000000fe100000| Untracked 
|2018|0x00000000fe200000, 0x00000000fe300000, 0x00000000fe300000|100%| O|Cm|TAMS 0x00000000fe200000| PB 0x00000000fe200000| Complete 
|2019|0x00000000fe300000, 0x00000000fe400000, 0x00000000fe400000|100%| O|  |TAMS 0x00000000fe300000| PB 0x00000000fe300000| Untracked 
|2020|0x00000000fe400000, 0x00000000fe500000, 0x00000000fe500000|100%| O|  |TAMS 0x00000000fe400000| PB 0x00000000fe400000| Untracked 
|2021|0x00000000fe500000, 0x00000000fe500000, 0x00000000fe600000|  0%| F|  |TAMS 0x00000000fe500000| PB 0x00000000fe500000| Untracked 
|2022|0x00000000fe600000, 0x00000000fe623e20, 0x00000000fe700000| 14%| E|  |TAMS 0x00000000fe600000| PB 0x00000000fe600000| Complete 
|2023|0x00000000fe700000, 0x00000000fe800000, 0x00000000fe800000|100%| E|CS|TAMS 0x00000000fe700000| PB 0x00000000fe700000| Complete 
|2024|0x00000000fe800000, 0x00000000fe900000, 0x00000000fe900000|100%| E|CS|TAMS 0x00000000fe800000| PB 0x00000000fe800000| Complete 
|2025|0x00000000fe900000, 0x00000000fea00000, 0x00000000fea00000|100%| E|CS|TAMS 0x00000000fe900000| PB 0x00000000fe900000| Complete 
|2026|0x00000000fea00000, 0x00000000feb00000, 0x00000000feb00000|100%| E|CS|TAMS 0x00000000fea00000| PB 0x00000000fea00000| Complete 
|2027|0x00000000feb00000, 0x00000000fec00000, 0x00000000fec00000|100%| O|  |TAMS 0x00000000feb00000| PB 0x00000000feb00000| Untracked 
|2028|0x00000000fec00000, 0x00000000fed00000, 0x00000000fed00000|100%| O|  |TAMS 0x00000000fec00000| PB 0x00000000fec00000| Untracked 
|2029|0x00000000fed00000, 0x00000000fee00000, 0x00000000fee00000|100%| O|  |TAMS 0x00000000fed00000| PB 0x00000000fed00000| Untracked 
|2030|0x00000000fee00000, 0x00000000fef00000, 0x00000000fef00000|100%| E|  |TAMS 0x00000000fee00000| PB 0x00000000fee00000| Complete 
|2031|0x00000000fef00000, 0x00000000ff000000, 0x00000000ff000000|100%| E|CS|TAMS 0x00000000fef00000| PB 0x00000000fef00000| Complete 
|2032|0x00000000ff000000, 0x00000000ff100000, 0x00000000ff100000|100%| O|  |TAMS 0x00000000ff000000| PB 0x00000000ff000000| Untracked 
|2033|0x00000000ff100000, 0x00000000ff200000, 0x00000000ff200000|100%| O|  |TAMS 0x00000000ff100000| PB 0x00000000ff100000| Untracked 
|2034|0x00000000ff200000, 0x00000000ff300000, 0x00000000ff300000|100%| O|  |TAMS 0x00000000ff200000| PB 0x00000000ff200000| Untracked 
|2035|0x00000000ff300000, 0x00000000ff400000, 0x00000000ff400000|100%| E|CS|TAMS 0x00000000ff300000| PB 0x00000000ff300000| Complete 
|2036|0x00000000ff400000, 0x00000000ff500000, 0x00000000ff500000|100%| E|CS|TAMS 0x00000000ff400000| PB 0x00000000ff400000| Complete 
|2037|0x00000000ff500000, 0x00000000ff600000, 0x00000000ff600000|100%| E|CS|TAMS 0x00000000ff500000| PB 0x00000000ff500000| Complete 
|2038|0x00000000ff600000, 0x00000000ff700000, 0x00000000ff700000|100%| E|CS|TAMS 0x00000000ff600000| PB 0x00000000ff600000| Complete 
|2039|0x00000000ff700000, 0x00000000ff800000, 0x00000000ff800000|100%| O|  |TAMS 0x00000000ff700000| PB 0x00000000ff700000| Untracked 
|2040|0x00000000ff800000, 0x00000000ff900000, 0x00000000ff900000|100%| O|  |TAMS 0x00000000ff800000| PB 0x00000000ff800000| Untracked 
|2041|0x00000000ff900000, 0x00000000ffa00000, 0x00000000ffa00000|100%| O|  |TAMS 0x00000000ff900000| PB 0x00000000ff900000| Untracked 
|2042|0x00000000ffa00000, 0x00000000ffb00000, 0x00000000ffb00000|100%| O|  |TAMS 0x00000000ffa00000| PB 0x00000000ffa00000| Untracked 
|2043|0x00000000ffb00000, 0x00000000ffc00000, 0x00000000ffc00000|100%| O|  |TAMS 0x00000000ffb00000| PB 0x00000000ffb00000| Untracked 
|2044|0x00000000ffc00000, 0x00000000ffd00000, 0x00000000ffd00000|100%| O|  |TAMS 0x00000000ffc00000| PB 0x00000000ffc00000| Untracked 
|2045|0x00000000ffd00000, 0x00000000ffe00000, 0x00000000ffe00000|100%| O|  |TAMS 0x00000000ffd00000| PB 0x00000000ffd00000| Untracked 
|2046|0x00000000ffe00000, 0x00000000fff00000, 0x00000000fff00000|100%| O|  |TAMS 0x00000000ffe00000| PB 0x00000000ffe00000| Untracked 
|2047|0x00000000fff00000, 0x0000000100000000, 0x0000000100000000|100%| O|  |TAMS 0x00000000fff00000| PB 0x00000000fff00000| Untracked 

Card table byte_map: [0x00000170e05d0000,0x00000170e09d0000] _byte_map_base: 0x00000170e01d0000

Marking Bits: (CMBitMap*) 0x00000170cb95e610
 Bits: [0x00000170e09d0000, 0x00000170e29d0000)

Polling page: 0x00000170cbb10000

Metaspace:

Usage:
  Non-class:    144.08 MB used.
      Class:     22.52 MB used.
       Both:    166.61 MB used.

Virtual space:
  Non-class space:      192.00 MB reserved,     145.25 MB ( 76%) committed,  3 nodes.
      Class space:        1.00 GB reserved,      23.62 MB (  2%) committed,  1 nodes.
             Both:        1.19 GB reserved,     168.88 MB ( 14%) committed. 

Chunk freelists:
   Non-Class:  14.44 MB
       Class:  8.30 MB
        Both:  22.74 MB

MaxMetaspaceSize: unlimited
CompressedClassSpaceSize: 1.00 GB
Initial GC threshold: 21.00 MB
Current GC threshold: 280.31 MB
CDS: off
 - commit_granule_bytes: 65536.
 - commit_granule_words: 8192.
 - virtual_space_node_default_size: 8388608.
 - enlarge_chunks_in_place: 1.
 - use_allocation_guard: 0.


Internal statistics:

num_allocs_failed_limit: 9.
num_arena_births: 4634.
num_arena_deaths: 36.
num_vsnodes_births: 4.
num_vsnodes_deaths: 0.
num_space_committed: 2701.
num_space_uncommitted: 0.
num_chunks_returned_to_freelist: 62.
num_chunks_taken_from_freelist: 11766.
num_chunk_merges: 24.
num_chunk_splits: 7870.
num_chunks_enlarged: 5170.
num_inconsistent_stats: 0.

CodeHeap 'non-profiled nmethods': size=120000Kb used=15934Kb max_used=15934Kb free=104065Kb
 bounds [0x00000170d8970000, 0x00000170d9900000, 0x00000170dfea0000]
CodeHeap 'profiled nmethods': size=120000Kb used=46503Kb max_used=46503Kb free=73496Kb
 bounds [0x00000170d0ea0000, 0x00000170d3c10000, 0x00000170d83d0000]
CodeHeap 'non-nmethods': size=5760Kb used=3099Kb max_used=3189Kb free=2660Kb
 bounds [0x00000170d83d0000, 0x00000170d8700000, 0x00000170d8970000]
CodeCache: size=245760Kb, used=65536Kb, max_used=65626Kb, free=180221Kb
 total_blobs=22325, nmethods=21231, adapters=996, full_count=0
Compilation: enabled, stopped_count=0, restarted_count=0

Compilation events (20 events):
Event: 236.318 Thread 0x00000170e567b1e0 nmethod 29053 0x00000170d98ff490 code [0x00000170d98ff620, 0x00000170d98ff6e8]
Event: 236.318 Thread 0x00000170e567b1e0 29054       1       jdk.internal.jimage.ImageReader$Resource::getLocation (5 bytes)
Event: 236.318 Thread 0x00000170e567b1e0 nmethod 29054 0x00000170d98ff790 code [0x00000170d98ff920, 0x00000170d98ff9e8]
Event: 236.318 Thread 0x00000170e567b1e0 29055       3       com.sun.tools.javac.jvm.ClassReader::readRequiresFlags (58 bytes)
Event: 236.318 Thread 0x00000170e567b1e0 nmethod 29055 0x00000170d3bf1e90 code [0x00000170d3bf2080, 0x00000170d3bf25a0]
Event: 236.320 Thread 0x00000170e567b1e0 29058       3       com.sun.tools.javac.comp.Modules$$Lambda/0x0000000101282d20::<init> (15 bytes)
Event: 236.320 Thread 0x00000170e567b1e0 nmethod 29058 0x00000170d3bf2790 code [0x00000170d3bf2940, 0x00000170d3bf2b60]
Event: 236.325 Thread 0x00000170e567b1e0 29059       3       com.sun.tools.javac.code.Directive$RequiresDirective::<init> (15 bytes)
Event: 236.325 Thread 0x00000170e567b1e0 nmethod 29059 0x00000170d3bf2c10 code [0x00000170d3bf2dc0, 0x00000170d3bf3040]
Event: 236.325 Thread 0x00000170e567b1e0 29060       3       com.sun.tools.javac.jvm.ClassReader$24::read (1065 bytes)
Event: 236.334 Thread 0x00000170e567b1e0 nmethod 29060 0x00000170d3bf3110 code [0x00000170d3bf40c0, 0x00000170d3bfddb0]
Event: 236.335 Thread 0x00000170e567b1e0 29065       3       java.util.LinkedHashMap::getOrDefault (29 bytes)
Event: 236.335 Thread 0x00000170ea200ad0 29057   !   4       com.sun.tools.javac.jvm.PoolReader::resolve (400 bytes)
Event: 236.335 Thread 0x00000170e567b1e0 nmethod 29065 0x00000170d3c01790 code [0x00000170d3c01960, 0x00000170d3c01c08]
Event: 236.335 Thread 0x00000170e567b1e0 29063   !   3       com.sun.tools.javac.comp.Modules::completeModule (458 bytes)
Event: 236.340 Thread 0x00000170e567b1e0 nmethod 29063 0x00000170d3c01d10 code [0x00000170d3c02440, 0x00000170d3c06c18]
Event: 236.340 Thread 0x00000170e567b1e0 29062       3       java.io.ByteArrayInputStream::close (1 bytes)
Event: 236.340 Thread 0x00000170e567b1e0 nmethod 29062 0x00000170d3c08310 code [0x00000170d3c084a0, 0x00000170d3c085a8]
Event: 236.340 Thread 0x00000170e567b1e0 29061       3       com.sun.tools.javac.jvm.ClassReader$8::read (113 bytes)
Event: 236.341 Thread 0x00000170e567b1e0 nmethod 29061 0x00000170d3c08610 code [0x00000170d3c08900, 0x00000170d3c097c8]

GC Heap History (20 events):
Event: 52.515 GC heap before
{Heap before GC invocations=65 (full 0):
 garbage-first heap   total 332800K, used 312809K [0x0000000080000000, 0x0000000100000000)
  region size 1024K, 115 young (117760K), 3 survivors (3072K)
 Metaspace       used 162266K, committed 164608K, reserved 1245184K
  class space    used 22150K, committed 23296K, reserved 1048576K
}
Event: 52.519 GC heap after
{Heap after GC invocations=66 (full 0):
 garbage-first heap   total 332800K, used 196529K [0x0000000080000000, 0x0000000100000000)
  region size 1024K, 4 young (4096K), 4 survivors (4096K)
 Metaspace       used 162266K, committed 164608K, reserved 1245184K
  class space    used 22150K, committed 23296K, reserved 1048576K
}
Event: 52.879 GC heap before
{Heap before GC invocations=66 (full 0):
 garbage-first heap   total 332800K, used 314289K [0x0000000080000000, 0x0000000100000000)
  region size 1024K, 119 young (121856K), 4 survivors (4096K)
 Metaspace       used 162381K, committed 164672K, reserved 1245184K
  class space    used 22152K, committed 23296K, reserved 1048576K
}
Event: 52.883 GC heap after
{Heap after GC invocations=67 (full 0):
 garbage-first heap   total 332800K, used 188928K [0x0000000080000000, 0x0000000100000000)
  region size 1024K, 4 young (4096K), 4 survivors (4096K)
 Metaspace       used 162381K, committed 164672K, reserved 1245184K
  class space    used 22152K, committed 23296K, reserved 1048576K
}
Event: 53.224 GC heap before
{Heap before GC invocations=67 (full 0):
 garbage-first heap   total 332800K, used 313856K [0x0000000080000000, 0x0000000100000000)
  region size 1024K, 126 young (129024K), 4 survivors (4096K)
 Metaspace       used 163349K, committed 165632K, reserved 1245184K
  class space    used 22267K, committed 23424K, reserved 1048576K
}
Event: 53.228 GC heap after
{Heap after GC invocations=68 (full 0):
 garbage-first heap   total 332800K, used 189967K [0x0000000080000000, 0x0000000100000000)
  region size 1024K, 5 young (5120K), 5 survivors (5120K)
 Metaspace       used 163349K, committed 165632K, reserved 1245184K
  class space    used 22267K, committed 23424K, reserved 1048576K
}
Event: 53.919 GC heap before
{Heap before GC invocations=69 (full 0):
 garbage-first heap   total 332800K, used 310799K [0x0000000080000000, 0x0000000100000000)
  region size 1024K, 126 young (129024K), 5 survivors (5120K)
 Metaspace       used 164631K, committed 166912K, reserved 1245184K
  class space    used 22444K, committed 23552K, reserved 1048576K
}
Event: 53.926 GC heap after
{Heap after GC invocations=70 (full 0):
 garbage-first heap   total 332800K, used 191279K [0x0000000080000000, 0x0000000100000000)
  region size 1024K, 8 young (8192K), 8 survivors (8192K)
 Metaspace       used 164631K, committed 166912K, reserved 1245184K
  class space    used 22444K, committed 23552K, reserved 1048576K
}
Event: 54.362 GC heap before
{Heap before GC invocations=70 (full 0):
 garbage-first heap   total 332800K, used 313135K [0x0000000080000000, 0x0000000100000000)
  region size 1024K, 128 young (131072K), 8 survivors (8192K)
 Metaspace       used 164861K, committed 167168K, reserved 1245184K
  class space    used 22448K, committed 23552K, reserved 1048576K
}
Event: 54.370 GC heap after
{Heap after GC invocations=71 (full 0):
 garbage-first heap   total 332800K, used 183917K [0x0000000080000000, 0x0000000100000000)
  region size 1024K, 6 young (6144K), 6 survivors (6144K)
 Metaspace       used 164861K, committed 167168K, reserved 1245184K
  class space    used 22448K, committed 23552K, reserved 1048576K
}
Event: 55.107 GC heap before
{Heap before GC invocations=71 (full 0):
 garbage-first heap   total 332800K, used 313965K [0x0000000080000000, 0x0000000100000000)
  region size 1024K, 134 young (137216K), 6 survivors (6144K)
 Metaspace       used 164960K, committed 167232K, reserved 1245184K
  class space    used 22451K, committed 23552K, reserved 1048576K
}
Event: 55.112 GC heap after
{Heap after GC invocations=72 (full 0):
 garbage-first heap   total 332800K, used 181869K [0x0000000080000000, 0x0000000100000000)
  region size 1024K, 4 young (4096K), 4 survivors (4096K)
 Metaspace       used 164960K, committed 167232K, reserved 1245184K
  class space    used 22451K, committed 23552K, reserved 1048576K
}
Event: 56.725 GC heap before
{Heap before GC invocations=73 (full 0):
 garbage-first heap   total 332800K, used 313965K [0x0000000080000000, 0x0000000100000000)
  region size 1024K, 134 young (137216K), 4 survivors (4096K)
 Metaspace       used 166526K, committed 168768K, reserved 1245184K
  class space    used 22650K, committed 23744K, reserved 1048576K
}
Event: 56.732 GC heap after
{Heap after GC invocations=74 (full 0):
 garbage-first heap   total 332800K, used 183917K [0x0000000080000000, 0x0000000100000000)
  region size 1024K, 6 young (6144K), 6 survivors (6144K)
 Metaspace       used 166526K, committed 168768K, reserved 1245184K
  class space    used 22650K, committed 23744K, reserved 1048576K
}
Event: 122.015 GC heap before
{Heap before GC invocations=74 (full 0):
 garbage-first heap   total 332800K, used 331373K [0x0000000080000000, 0x0000000100000000)
  region size 1024K, 119 young (121856K), 6 survivors (6144K)
 Metaspace       used 169333K, committed 171648K, reserved 1245184K
  class space    used 23008K, committed 24128K, reserved 1048576K
}
Event: 122.029 GC heap after
{Heap after GC invocations=75 (full 0):
 garbage-first heap   total 350208K, used 186146K [0x0000000080000000, 0x0000000100000000)
  region size 1024K, 14 young (14336K), 14 survivors (14336K)
 Metaspace       used 169333K, committed 171648K, reserved 1245184K
  class space    used 23008K, committed 24128K, reserved 1048576K
}
Event: 231.182 GC heap before
{Heap before GC invocations=75 (full 0):
 garbage-first heap   total 350208K, used 330530K [0x0000000080000000, 0x0000000100000000)
  region size 1024K, 155 young (158720K), 14 survivors (14336K)
 Metaspace       used 169918K, committed 172160K, reserved 1245184K
  class space    used 23013K, committed 24128K, reserved 1048576K
}
Event: 231.195 GC heap after
{Heap after GC invocations=76 (full 0):
 garbage-first heap   total 350208K, used 185380K [0x0000000080000000, 0x0000000100000000)
  region size 1024K, 8 young (8192K), 8 survivors (8192K)
 Metaspace       used 169918K, committed 172160K, reserved 1245184K
  class space    used 23013K, committed 24128K, reserved 1048576K
}
Event: 236.117 GC heap before
{Heap before GC invocations=77 (full 0):
 garbage-first heap   total 350208K, used 337956K [0x0000000080000000, 0x0000000100000000)
  region size 1024K, 150 young (153600K), 8 survivors (8192K)
 Metaspace       used 170496K, committed 172800K, reserved 1245184K
  class space    used 23048K, committed 24128K, reserved 1048576K
}
Event: 236.131 GC heap after
{Heap after GC invocations=78 (full 0):
 garbage-first heap   total 355328K, used 192559K [0x0000000080000000, 0x0000000100000000)
  region size 1024K, 15 young (15360K), 15 survivors (15360K)
 Metaspace       used 170496K, committed 172800K, reserved 1245184K
  class space    used 23048K, committed 24128K, reserved 1048576K
}

Dll operation events (3 events):
Event: 0.012 Loaded shared library C:\Program Files\Android\Android Studio\jbr\bin\java.dll
Event: 0.019 Loaded shared library C:\Program Files\Android\Android Studio\jbr\bin\zip.dll
Event: 0.543 Loaded shared library C:\Program Files\Android\Android Studio\jbr\bin\verify.dll

Deoptimization events (20 events):
Event: 236.155 Thread 0x00000170eb4e6510 Uncommon trap: trap_request=0xffffffc6 fr.pc=0x00000170d92f77a4 relative=0x0000000000001a84
Event: 236.155 Thread 0x00000170eb4e6510 Uncommon trap: reason=bimorphic_or_optimized_type_check action=maybe_recompile pc=0x00000170d92f77a4 method=com.sun.tools.javac.code.Symbol$TypeSymbol.formFlatName(Lcom/sun/tools/javac/util/Name;Lcom/sun/tools/javac/code/Symbol;)Lcom/sun/tools/javac/util/
Event: 236.155 Thread 0x00000170eb4e6510 DEOPT PACKING pc=0x00000170d92f77a4 sp=0x00000051617fd640
Event: 236.155 Thread 0x00000170eb4e6510 DEOPT UNPACKING pc=0x00000170d8427aa2 sp=0x00000051617fd548 mode 2
Event: 236.297 Thread 0x00000170eb4e6510 Uncommon trap: trap_request=0xffffffc6 fr.pc=0x00000170d93bc864 relative=0x0000000000000724
Event: 236.297 Thread 0x00000170eb4e6510 Uncommon trap: reason=bimorphic_or_optimized_type_check action=maybe_recompile pc=0x00000170d93bc864 method=com.sun.tools.javac.code.ClassFinder.fillIn(Lcom/sun/tools/javac/code/Symbol$ClassSymbol;)V @ 149 c2
Event: 236.297 Thread 0x00000170eb4e6510 DEOPT PACKING pc=0x00000170d93bc864 sp=0x00000051617fd540
Event: 236.297 Thread 0x00000170eb4e6510 DEOPT UNPACKING pc=0x00000170d8427aa2 sp=0x00000051617fd500 mode 2
Event: 236.300 Thread 0x00000170eb4e6510 Uncommon trap: trap_request=0xffffffc6 fr.pc=0x00000170d93bc864 relative=0x0000000000000724
Event: 236.300 Thread 0x00000170eb4e6510 Uncommon trap: reason=bimorphic_or_optimized_type_check action=maybe_recompile pc=0x00000170d93bc864 method=com.sun.tools.javac.code.ClassFinder.fillIn(Lcom/sun/tools/javac/code/Symbol$ClassSymbol;)V @ 149 c2
Event: 236.300 Thread 0x00000170eb4e6510 DEOPT PACKING pc=0x00000170d93bc864 sp=0x00000051617fd410
Event: 236.300 Thread 0x00000170eb4e6510 DEOPT UNPACKING pc=0x00000170d8427aa2 sp=0x00000051617fd3d0 mode 2
Event: 236.302 Thread 0x00000170eb4e6510 Uncommon trap: trap_request=0xffffffc6 fr.pc=0x00000170d93bc864 relative=0x0000000000000724
Event: 236.302 Thread 0x00000170eb4e6510 Uncommon trap: reason=bimorphic_or_optimized_type_check action=maybe_recompile pc=0x00000170d93bc864 method=com.sun.tools.javac.code.ClassFinder.fillIn(Lcom/sun/tools/javac/code/Symbol$ClassSymbol;)V @ 149 c2
Event: 236.302 Thread 0x00000170eb4e6510 DEOPT PACKING pc=0x00000170d93bc864 sp=0x00000051617fd410
Event: 236.303 Thread 0x00000170eb4e6510 DEOPT UNPACKING pc=0x00000170d8427aa2 sp=0x00000051617fd3d0 mode 2
Event: 236.310 Thread 0x00000170eb4e6510 Uncommon trap: trap_request=0xffffffc6 fr.pc=0x00000170d93bc864 relative=0x0000000000000724
Event: 236.310 Thread 0x00000170eb4e6510 Uncommon trap: reason=bimorphic_or_optimized_type_check action=maybe_recompile pc=0x00000170d93bc864 method=com.sun.tools.javac.code.ClassFinder.fillIn(Lcom/sun/tools/javac/code/Symbol$ClassSymbol;)V @ 149 c2
Event: 236.310 Thread 0x00000170eb4e6510 DEOPT PACKING pc=0x00000170d93bc864 sp=0x00000051617fd410
Event: 236.310 Thread 0x00000170eb4e6510 DEOPT UNPACKING pc=0x00000170d8427aa2 sp=0x00000051617fd3d0 mode 2

Classes loaded (20 events):
Event: 57.392 Loading class java/util/concurrent/CompletableFuture$AsyncRun
Event: 57.392 Loading class java/util/concurrent/CompletableFuture$AsyncRun done
Event: 63.123 Loading class java/lang/StackStreamFactory
Event: 63.124 Loading class java/lang/StackStreamFactory done
Event: 63.124 Loading class java/lang/StackWalker$ExtendedOption
Event: 63.125 Loading class java/lang/StackWalker$ExtendedOption done
Event: 63.125 Loading class java/lang/StackStreamFactory$StackFrameTraverser
Event: 63.125 Loading class java/lang/StackStreamFactory$StackFrameTraverser done
Event: 63.125 Loading class java/lang/StackStreamFactory$WalkerState
Event: 63.125 Loading class java/lang/StackStreamFactory$WalkerState done
Event: 63.125 Loading class java/lang/StackStreamFactory$StackFrameTraverser$StackFrameBuffer
Event: 63.126 Loading class java/lang/StackStreamFactory$FrameBuffer
Event: 63.126 Loading class java/lang/StackStreamFactory$FrameBuffer done
Event: 63.126 Loading class java/lang/StackStreamFactory$StackFrameTraverser$StackFrameBuffer done
Event: 63.127 Loading class java/util/logging/LogRecord
Event: 63.128 Loading class java/util/logging/LogRecord done
Event: 121.221 Loading class jdk/internal/math/FormattedFPDecimal
Event: 121.221 Loading class jdk/internal/math/FormattedFPDecimal done
Event: 232.409 Loading class java/util/zip/ZipOutputStream$XEntry
Event: 232.409 Loading class java/util/zip/ZipOutputStream$XEntry done

Classes unloaded (18 events):
Event: 21.613 Thread 0x00000170e54296a0 Unloading class 0x0000000101070000 'java/lang/invoke/LambdaForm$DMH+0x0000000101070000'
Event: 21.613 Thread 0x00000170e54296a0 Unloading class 0x000000010106d800 'java/lang/invoke/LambdaForm$DMH+0x000000010106d800'
Event: 51.841 Thread 0x00000170e54296a0 Unloading class 0x0000000101481c00 'jdk/internal/reflect/GeneratedSerializationConstructorAccessor180'
Event: 51.841 Thread 0x00000170e54296a0 Unloading class 0x0000000101481800 'jdk/internal/reflect/GeneratedSerializationConstructorAccessor181'
Event: 53.445 Thread 0x00000170e54296a0 Unloading class 0x0000000101674400 'java/lang/invoke/LambdaForm$DMH+0x0000000101674400'
Event: 53.445 Thread 0x00000170e54296a0 Unloading class 0x0000000101674000 'java/lang/invoke/LambdaForm$DMH+0x0000000101674000'
Event: 53.445 Thread 0x00000170e54296a0 Unloading class 0x0000000101674c00 'java/lang/invoke/LambdaForm$DMH+0x0000000101674c00'
Event: 53.445 Thread 0x00000170e54296a0 Unloading class 0x0000000101648800 'java/lang/invoke/LambdaForm$DMH+0x0000000101648800'
Event: 53.445 Thread 0x00000170e54296a0 Unloading class 0x0000000101648400 'java/lang/invoke/LambdaForm$DMH+0x0000000101648400'
Event: 53.445 Thread 0x00000170e54296a0 Unloading class 0x00000001015c9c00 'java/lang/invoke/LambdaForm$DMH+0x00000001015c9c00'
Event: 53.445 Thread 0x00000170e54296a0 Unloading class 0x00000001015c9800 'java/lang/invoke/LambdaForm$DMH+0x00000001015c9800'
Event: 53.445 Thread 0x00000170e54296a0 Unloading class 0x00000001015c9400 'java/lang/invoke/LambdaForm$DMH+0x00000001015c9400'
Event: 53.445 Thread 0x00000170e54296a0 Unloading class 0x00000001015c8800 'java/lang/invoke/LambdaForm$DMH+0x00000001015c8800'
Event: 53.445 Thread 0x00000170e54296a0 Unloading class 0x00000001015c8400 'java/lang/invoke/LambdaForm$DMH+0x00000001015c8400'
Event: 53.445 Thread 0x00000170e54296a0 Unloading class 0x00000001015c8000 'java/lang/invoke/LambdaForm$DMH+0x00000001015c8000'
Event: 53.445 Thread 0x00000170e54296a0 Unloading class 0x0000000101568000 'java/lang/invoke/LambdaForm$DMH+0x0000000101568000'
Event: 53.445 Thread 0x00000170e54296a0 Unloading class 0x0000000101568800 'java/lang/invoke/LambdaForm$DMH+0x0000000101568800'
Event: 53.445 Thread 0x00000170e54296a0 Unloading class 0x0000000101568400 'java/lang/invoke/LambdaForm$DMH+0x0000000101568400'

Classes redefined (0 events):
No events

Internal exceptions (20 events):
Event: 235.228 Thread 0x00000170f5a134d0 Exception <a 'sun/nio/fs/WindowsException'{0x000000008ef41830}> (0x000000008ef41830) 
thrown [s\src\hotspot\share\prims\jni.cpp, line 537]
Event: 235.228 Thread 0x00000170f5a134d0 Exception <a 'sun/nio/fs/WindowsException'{0x000000008ef42850}> (0x000000008ef42850) 
thrown [s\src\hotspot\share\prims\jni.cpp, line 537]
Event: 235.228 Thread 0x00000170f5a134d0 Exception <a 'sun/nio/fs/WindowsException'{0x000000008ef443d8}> (0x000000008ef443d8) 
thrown [s\src\hotspot\share\prims\jni.cpp, line 537]
Event: 235.228 Thread 0x00000170f5a134d0 Exception <a 'sun/nio/fs/WindowsException'{0x000000008ef453f8}> (0x000000008ef453f8) 
thrown [s\src\hotspot\share\prims\jni.cpp, line 537]
Event: 235.228 Thread 0x00000170f5a134d0 Exception <a 'sun/nio/fs/WindowsException'{0x000000008ef467c8}> (0x000000008ef467c8) 
thrown [s\src\hotspot\share\prims\jni.cpp, line 537]
Event: 235.228 Thread 0x00000170f5a134d0 Exception <a 'sun/nio/fs/WindowsException'{0x000000008ef477e8}> (0x000000008ef477e8) 
thrown [s\src\hotspot\share\prims\jni.cpp, line 537]
Event: 235.228 Thread 0x00000170f5a134d0 Exception <a 'sun/nio/fs/WindowsException'{0x000000008ef4a360}> (0x000000008ef4a360) 
thrown [s\src\hotspot\share\prims\jni.cpp, line 537]
Event: 235.229 Thread 0x00000170f5a134d0 Exception <a 'sun/nio/fs/WindowsException'{0x000000008ef4d140}> (0x000000008ef4d140) 
thrown [s\src\hotspot\share\prims\jni.cpp, line 537]
Event: 235.229 Thread 0x00000170f5a134d0 Exception <a 'sun/nio/fs/WindowsException'{0x000000008ef4ff20}> (0x000000008ef4ff20) 
thrown [s\src\hotspot\share\prims\jni.cpp, line 537]
Event: 235.229 Thread 0x00000170f5a134d0 Exception <a 'sun/nio/fs/WindowsException'{0x000000008ef52d00}> (0x000000008ef52d00) 
thrown [s\src\hotspot\share\prims\jni.cpp, line 537]
Event: 235.229 Thread 0x00000170f5a134d0 Exception <a 'sun/nio/fs/WindowsException'{0x000000008ef55ae0}> (0x000000008ef55ae0) 
thrown [s\src\hotspot\share\prims\jni.cpp, line 537]
Event: 235.240 Thread 0x00000170f5a134d0 Exception <a 'sun/nio/fs/WindowsException'{0x000000008ef784f8}> (0x000000008ef784f8) 
thrown [s\src\hotspot\share\prims\jni.cpp, line 537]
Event: 235.375 Thread 0x00000170f5a134d0 Exception <a 'sun/nio/fs/WindowsException'{0x000000008d3ea2f0}> (0x000000008d3ea2f0) 
thrown [s\src\hotspot\share\prims\jni.cpp, line 537]
Event: 235.386 Thread 0x00000170f5a134d0 Exception <a 'sun/nio/fs/WindowsException'{0x000000008d213010}> (0x000000008d213010) 
thrown [s\src\hotspot\share\prims\jni.cpp, line 537]
Event: 235.497 Thread 0x00000170f5a134d0 Exception <a 'sun/nio/fs/WindowsException'{0x000000008c5c3710}> (0x000000008c5c3710) 
thrown [s\src\hotspot\share\prims\jni.cpp, line 537]
Event: 235.498 Thread 0x00000170f5a134d0 Exception <a 'sun/nio/fs/WindowsException'{0x000000008c5cdcb8}> (0x000000008c5cdcb8) 
thrown [s\src\hotspot\share\prims\jni.cpp, line 537]
Event: 235.499 Thread 0x00000170f5a134d0 Exception <a 'sun/nio/fs/WindowsException'{0x000000008c5d85e8}> (0x000000008c5d85e8) 
thrown [s\src\hotspot\share\prims\jni.cpp, line 537]
Event: 236.154 Thread 0x00000170eb4e6510 Implicit null exception at 0x00000170d92ba0bf to 0x00000170d92ba68c
Event: 236.162 Thread 0x00000170eb4e6510 Exception <a 'sun/nio/fs/WindowsException'{0x00000000ff6ad8d8}> (0x00000000ff6ad8d8) 
thrown [s\src\hotspot\share\prims\jni.cpp, line 537]
Event: 236.288 Thread 0x00000170eb4e6510 Exception <a 'sun/nio/fs/WindowsException'{0x00000000feab8330}> (0x00000000feab8330) 
thrown [s\src\hotspot\share\prims\jni.cpp, line 537]

ZGC Phase Switch (0 events):
No events

VM Operations (20 events):
Event: 221.416 Executing VM operation: Cleanup
Event: 221.416 Executing VM operation: Cleanup done
Event: 227.476 Executing VM operation: Cleanup
Event: 227.487 Executing VM operation: Cleanup done
Event: 228.506 Executing VM operation: Cleanup
Event: 229.873 Executing VM operation: Cleanup done
Event: 231.182 Executing VM operation: G1CollectForAllocation (G1 Evacuation Pause)
Event: 231.195 Executing VM operation: G1CollectForAllocation (G1 Evacuation Pause) done
Event: 231.408 Executing VM operation: G1PauseRemark
Event: 231.420 Executing VM operation: G1PauseRemark done
Event: 231.530 Executing VM operation: G1PauseCleanup
Event: 231.530 Executing VM operation: G1PauseCleanup done
Event: 232.359 Executing VM operation: ICBufferFull
Event: 232.360 Executing VM operation: ICBufferFull done
Event: 233.360 Executing VM operation: Cleanup
Event: 233.360 Executing VM operation: Cleanup done
Event: 235.361 Executing VM operation: Cleanup
Event: 235.361 Executing VM operation: Cleanup done
Event: 236.117 Executing VM operation: G1CollectForAllocation (G1 Evacuation Pause)
Event: 236.131 Executing VM operation: G1CollectForAllocation (G1 Evacuation Pause) done

Memory protections (0 events):
No events

Nmethod flushes (20 events):
Event: 231.418 Thread 0x00000170e54296a0 flushing  nmethod 0x00000170d366eb90
Event: 231.418 Thread 0x00000170e54296a0 flushing  nmethod 0x00000170d3670090
Event: 231.418 Thread 0x00000170e54296a0 flushing  nmethod 0x00000170d3671210
Event: 231.418 Thread 0x00000170e54296a0 flushing  nmethod 0x00000170d3671a10
Event: 231.418 Thread 0x00000170e54296a0 flushing  nmethod 0x00000170d3672310
Event: 231.418 Thread 0x00000170e54296a0 flushing  nmethod 0x00000170d3672d10
Event: 231.418 Thread 0x00000170e54296a0 flushing  nmethod 0x00000170d1448290
Event: 231.418 Thread 0x00000170e54296a0 flushing  nmethod 0x00000170d14def10
Event: 231.418 Thread 0x00000170e54296a0 flushing  nmethod 0x00000170d26ed410
Event: 231.418 Thread 0x00000170e54296a0 flushing  nmethod 0x00000170d26ee210
Event: 231.418 Thread 0x00000170e54296a0 flushing  nmethod 0x00000170d2eb1690
Event: 231.418 Thread 0x00000170e54296a0 flushing  nmethod 0x00000170d2f88d10
Event: 231.418 Thread 0x00000170e54296a0 flushing  nmethod 0x00000170d2f8a010
Event: 231.418 Thread 0x00000170e54296a0 flushing  nmethod 0x00000170d30cbb10
Event: 231.418 Thread 0x00000170e54296a0 flushing  nmethod 0x00000170d30ccd10
Event: 231.418 Thread 0x00000170e54296a0 flushing  nmethod 0x00000170d3100090
Event: 231.418 Thread 0x00000170e54296a0 flushing  nmethod 0x00000170d3318710
Event: 231.418 Thread 0x00000170e54296a0 flushing  nmethod 0x00000170d3319a10
Event: 231.418 Thread 0x00000170e54296a0 flushing  nmethod 0x00000170d331a310
Event: 231.418 Thread 0x00000170e54296a0 flushing  nmethod 0x00000170d361ae10

Events (20 events):
Event: 232.323 Thread 0x00000170f5a134d0 Thread added: 0x00000170eb4e4ad0
Event: 232.323 Thread 0x00000170f5a134d0 Thread added: 0x00000170eb4e1ce0
Event: 232.323 Thread 0x00000170f5a134d0 Thread added: 0x00000170eb4e2a00
Event: 232.323 Thread 0x00000170f5a134d0 Thread added: 0x00000170eb4e1650
Event: 232.323 Thread 0x00000170f5a134d0 Thread added: 0x00000170eb4e5160
Event: 232.342 Thread 0x00000170f5a134d0 Thread added: 0x00000170eb4e57f0
Event: 232.342 Thread 0x00000170f5a134d0 Thread added: 0x00000170eb4e3720
Event: 232.371 Thread 0x00000170f5a134d0 Thread added: 0x00000170eb4e5e80
Event: 232.812 Thread 0x00000170f5a134d0 Thread added: 0x00000170eb4e6510
Event: 232.837 Thread 0x00000170eb4e6510 Thread added: 0x00000170eb4e6ba0
Event: 232.863 Thread 0x00000170f5a127b0 Thread added: 0x00000170eb4e7230
Event: 232.864 Thread 0x00000170f5a127b0 Thread added: 0x00000170eb4e78c0
Event: 232.878 Thread 0x00000170eea071f0 Thread added: 0x00000170ef2def80
Event: 233.686 Thread 0x00000170e570ca60 Thread exited: 0x00000170e570ca60
Event: 235.197 Thread 0x00000170e5666f80 Thread added: 0x00000170ea200ad0
Event: 235.870 Thread 0x00000170ebdecbf0 Thread added: 0x00000170ef2e0330
Event: 235.906 Thread 0x00000170f5a134d0 Thread added: 0x00000170ef2e09c0
Event: 236.135 Thread 0x00000170eb4e6ba0 Thread exited: 0x00000170eb4e6ba0
Event: 236.278 Thread 0x00000170ea200ad0 Thread exited: 0x00000170ea200ad0
Event: 236.335 Thread 0x00000170e567b1e0 Thread added: 0x00000170ea200ad0


Dynamic libraries:
0x00007ff702d10000 - 0x00007ff702d1a000 	C:\Program Files\Android\Android Studio\jbr\bin\java.exe
0x00007ff8f1860000 - 0x00007ff8f1ac6000 	C:\WINDOWS\SYSTEM32\ntdll.dll
0x00007ff8f0790000 - 0x00007ff8f0859000 	C:\WINDOWS\System32\KERNEL32.DLL
0x00007ff8ef000000 - 0x00007ff8ef400000 	C:\WINDOWS\System32\KERNELBASE.dll
0x00007ff8eebe0000 - 0x00007ff8eed2c000 	C:\WINDOWS\System32\ucrtbase.dll
0x00007ff87cdf0000 - 0x00007ff87ce0b000 	C:\Program Files\Android\Android Studio\jbr\bin\VCRUNTIME140.dll
0x00007ff8d2670000 - 0x00007ff8d2688000 	C:\Program Files\Android\Android Studio\jbr\bin\jli.dll
0x00007ff8f1500000 - 0x00007ff8f16c6000 	C:\WINDOWS\System32\USER32.dll
0x00007ff8d3560000 - 0x00007ff8d37f1000 	C:\WINDOWS\WinSxS\amd64_microsoft.windows.common-controls_6595b64144ccf1df_6.0.26100.8925_none_3e085bace3346b7b\COMCTL32.dll
0x00007ff8eebb0000 - 0x00007ff8eebd7000 	C:\WINDOWS\System32\win32u.dll
0x00007ff8f06e0000 - 0x00007ff8f0789000 	C:\WINDOWS\System32\msvcrt.dll
0x00007ff8f0a30000 - 0x00007ff8f0a5b000 	C:\WINDOWS\System32\GDI32.dll
0x00007ff8eeed0000 - 0x00007ff8eeff9000 	C:\WINDOWS\System32\gdi32full.dll
0x00007ff8ef410000 - 0x00007ff8ef4b3000 	C:\WINDOWS\System32\msvcp_win.dll
0x00007ff8f09f0000 - 0x00007ff8f0a22000 	C:\WINDOWS\System32\IMM32.DLL
0x00007ff87e510000 - 0x00007ff87e51c000 	C:\Program Files\Android\Android Studio\jbr\bin\vcruntime140_1.dll
0x00007ff8d1b40000 - 0x00007ff8d1bcd000 	C:\Program Files\Android\Android Studio\jbr\bin\msvcp140.dll
0x00007ff8600e0000 - 0x00007ff860d76000 	C:\Program Files\Android\Android Studio\jbr\bin\server\jvm.dll
0x00007ff8efec0000 - 0x00007ff8eff7c000 	C:\WINDOWS\System32\ADVAPI32.dll
0x00007ff8efa70000 - 0x00007ff8efb19000 	C:\WINDOWS\System32\sechost.dll
0x00007ff8f0860000 - 0x00007ff8f0978000 	C:\WINDOWS\System32\RPCRT4.dll
0x00007ff8f1790000 - 0x00007ff8f1812000 	C:\WINDOWS\System32\WS2_32.dll
0x00007ff8dd210000 - 0x00007ff8dd21b000 	C:\WINDOWS\SYSTEM32\VERSION.dll
0x00007ff8e6980000 - 0x00007ff8e69b6000 	C:\WINDOWS\SYSTEM32\WINMM.dll
0x00007ff8ee8c0000 - 0x00007ff8ee91e000 	C:\WINDOWS\SYSTEM32\POWRPROF.dll
0x00007ff8ee890000 - 0x00007ff8ee8a5000 	C:\WINDOWS\SYSTEM32\UMPDC.dll
0x00007ff8ed740000 - 0x00007ff8ed75b000 	C:\WINDOWS\SYSTEM32\kernel.appcore.dll
0x00007ff877640000 - 0x00007ff87764a000 	C:\Program Files\Android\Android Studio\jbr\bin\jimage.dll
0x00007ff8ebf50000 - 0x00007ff8ec192000 	C:\WINDOWS\SYSTEM32\DBGHELP.DLL
0x00007ff8efb30000 - 0x00007ff8efeb5000 	C:\WINDOWS\System32\combase.dll
0x00007ff8f0600000 - 0x00007ff8f06d9000 	C:\WINDOWS\System32\OLEAUT32.dll
0x00007ff8e6940000 - 0x00007ff8e697b000 	C:\WINDOWS\SYSTEM32\dbgcore.DLL
0x00007ff8eea60000 - 0x00007ff8eeb0c000 	C:\WINDOWS\System32\bcryptPrimitives.dll
0x00007ff8d2620000 - 0x00007ff8d262e000 	C:\Program Files\Android\Android Studio\jbr\bin\instrument.dll
0x00007ff877620000 - 0x00007ff877640000 	C:\Program Files\Android\Android Studio\jbr\bin\java.dll
0x00007ff877600000 - 0x00007ff877618000 	C:\Program Files\Android\Android Studio\jbr\bin\zip.dll
0x00007ff8f0d60000 - 0x00007ff8f14ec000 	C:\WINDOWS\System32\SHELL32.dll
0x00007ff8ec4d0000 - 0x00007ff8ecd6b000 	C:\WINDOWS\SYSTEM32\windows.storage.dll
0x00007ff8f0a70000 - 0x00007ff8f0b6b000 	C:\WINDOWS\System32\SHCORE.dll
0x00007ff8f0980000 - 0x00007ff8f09e6000 	C:\WINDOWS\System32\shlwapi.dll
0x00007ff8ee980000 - 0x00007ff8ee9a9000 	C:\WINDOWS\SYSTEM32\profapi.dll
0x00007ff8775f0000 - 0x00007ff877600000 	C:\Program Files\Android\Android Studio\jbr\bin\net.dll
0x00007ff8dd260000 - 0x00007ff8dd387000 	C:\WINDOWS\SYSTEM32\WINHTTP.dll
0x00007ff8edcf0000 - 0x00007ff8edd5c000 	C:\WINDOWS\system32\mswsock.dll
0x00007ff8775d0000 - 0x00007ff8775e6000 	C:\Program Files\Android\Android Studio\jbr\bin\nio.dll
0x00007ff877a20000 - 0x00007ff877a30000 	C:\Program Files\Android\Android Studio\jbr\bin\verify.dll
0x00007ff877be0000 - 0x00007ff877c07000 	C:\Users\mdyea\.gradle\native\c067742578af261105cb4f569cf0c3c89f3d7b1fecec35dd04571415982c5e48\windows-amd64\native-platform.dll
0x00007ff87d540000 - 0x00007ff87d684000 	C:\Users\mdyea\.gradle\native\38dada09dfb8b06ba9b0570ebf7e218e3eb74d4ef43ca46872605cf95ebc2f47\windows-amd64\native-platform-file-events.dll
0x00007ff85ddb0000 - 0x00007ff85ddb9000 	C:\Program Files\Android\Android Studio\jbr\bin\management.dll
0x00007ff85dda0000 - 0x00007ff85ddab000 	C:\Program Files\Android\Android Studio\jbr\bin\management_ext.dll
0x00007ff8f0a60000 - 0x00007ff8f0a68000 	C:\WINDOWS\System32\PSAPI.DLL
0x00007ff8ee000000 - 0x00007ff8ee01b000 	C:\WINDOWS\SYSTEM32\CRYPTSP.dll
0x00007ff8ed6a0000 - 0x00007ff8ed6d9000 	C:\WINDOWS\system32\rsaenh.dll
0x00007ff8edda0000 - 0x00007ff8eddd2000 	C:\WINDOWS\SYSTEM32\USERENV.dll
0x00007ff8ee950000 - 0x00007ff8ee97a000 	C:\WINDOWS\SYSTEM32\bcrypt.dll
0x00007ff8edfe0000 - 0x00007ff8edfec000 	C:\WINDOWS\SYSTEM32\CRYPTBASE.dll
0x00007ff8ed110000 - 0x00007ff8ed143000 	C:\WINDOWS\SYSTEM32\IPHLPAPI.DLL
0x00007ff8efb20000 - 0x00007ff8efb2a000 	C:\WINDOWS\System32\NSI.dll
0x00007ff8775c0000 - 0x00007ff8775c9000 	C:\Program Files\Android\Android Studio\jbr\bin\extnet.dll
0x00007ff880920000 - 0x00007ff880928000 	C:\WINDOWS\system32\wshunix.dll
0x00007ff8c4d60000 - 0x00007ff8c4d78000 	C:\WINDOWS\system32\napinsp.dll
0x00007ff8ed1b0000 - 0x00007ff8ed308000 	C:\WINDOWS\SYSTEM32\DNSAPI.dll
0x00007ff8edaf0000 - 0x00007ff8edafd000 	C:\WINDOWS\SYSTEM32\DSPARSE.dll
0x00007ff8c4d40000 - 0x00007ff8c4d53000 	C:\WINDOWS\System32\winrnr.dll
0x00007ff8c4d10000 - 0x00007ff8c4d32000 	C:\WINDOWS\system32\nlansp_c.dll
0x00007ff8c4cf0000 - 0x00007ff8c4d06000 	C:\WINDOWS\system32\wshbth.dll
0x00007ff8dd220000 - 0x00007ff8dd22b000 	C:\Windows\System32\rasadhlp.dll
0x00007ff8e5980000 - 0x00007ff8e5a06000 	C:\WINDOWS\System32\fwpuclnt.dll
0x00007ff8d2880000 - 0x00007ff8d2887000 	C:\Program Files\Android\Android Studio\jbr\bin\rmi.dll
0x00007ff87d450000 - 0x00007ff87d539000 	C:\Users\mdyea\AppData\Local\Temp\sqlite-3.41.2.2-20b56d21-03af-4ba7-aab0-fb90dcb48454-sqlitejdbc.dll

JVMTI agents:
C:\Users\mdyea\.gradle\wrapper\dists\gradle-8.7-bin\bhs2wmbdwecv87pi65oeuq5iu\gradle-8.7\lib\agents\gradle-instrumentation-agent-8.7.jar path:C:\Program Files\Android\Android Studio\jbr\bin\instrument.dll, loaded, initialized, instrumentlib options:none

dbghelp: loaded successfully - version: 4.0.5 - missing functions: none
symbol engine: initialized successfully - sym options: 0x614 - pdb path: .;C:\Program Files\Android\Android Studio\jbr\bin;C:\WINDOWS\SYSTEM32;C:\WINDOWS\WinSxS\amd64_microsoft.windows.common-controls_6595b64144ccf1df_6.0.26100.8925_none_3e085bace3346b7b;C:\Program Files\Android\Android Studio\jbr\bin\server;C:\Users\mdyea\.gradle\native\c067742578af261105cb4f569cf0c3c89f3d7b1fecec35dd04571415982c5e48\windows-amd64;C:\Users\mdyea\.gradle\native\38dada09dfb8b06ba9b0570ebf7e218e3eb74d4ef43ca46872605cf95ebc2f47\windows-amd64;C:\Users\mdyea\AppData\Local\Temp

VM Arguments:
jvm_args: --add-opens=java.base/java.util=ALL-UNNAMED --add-opens=java.base/java.lang=ALL-UNNAMED --add-opens=java.base/java.lang.invoke=ALL-UNNAMED --add-opens=java.prefs/java.util.prefs=ALL-UNNAMED --add-opens=java.base/java.nio.charset=ALL-UNNAMED --add-opens=java.base/java.net=ALL-UNNAMED --add-opens=java.base/java.util.concurrent.atomic=ALL-UNNAMED -Xmx2048m -Dfile.encoding=UTF-8 -Duser.country=US -Duser.language=en -Duser.variant -javaagent:C:\Users\mdyea\.gradle\wrapper\dists\gradle-8.7-bin\bhs2wmbdwecv87pi65oeuq5iu\gradle-8.7\lib\agents\gradle-instrumentation-agent-8.7.jar 
java_command: org.gradle.launcher.daemon.bootstrap.GradleDaemon 8.7
java_class_path (initial): C:\Users\mdyea\.gradle\wrapper\dists\gradle-8.7-bin\bhs2wmbdwecv87pi65oeuq5iu\gradle-8.7\lib\gradle-launcher-8.7.jar
Launcher Type: SUN_STANDARD

[Global flags]
     intx CICompilerCount                          = 4                                         {product} {ergonomic}
     uint ConcGCThreads                            = 2                                         {product} {ergonomic}
     uint G1ConcRefinementThreads                  = 8                                         {product} {ergonomic}
   size_t G1HeapRegionSize                         = 1048576                                   {product} {ergonomic}
    uintx GCDrainStackTargetSize                   = 64                                        {product} {ergonomic}
   size_t InitialHeapSize                          = 197132288                                 {product} {ergonomic}
   size_t MarkStackSize                            = 4194304                                   {product} {ergonomic}
   size_t MaxHeapSize                              = 2147483648                                {product} {command line}
   size_t MaxNewSize                               = 1287651328                                {product} {ergonomic}
   size_t MinHeapDeltaBytes                        = 1048576                                   {product} {ergonomic}
   size_t MinHeapSize                              = 8388608                                   {product} {ergonomic}
    uintx NonNMethodCodeHeapSize                   = 5839372                                {pd product} {ergonomic}
    uintx NonProfiledCodeHeapSize                  = 122909434                              {pd product} {ergonomic}
    uintx ProfiledCodeHeapSize                     = 122909434                              {pd product} {ergonomic}
    uintx ReservedCodeCacheSize                    = 251658240                              {pd product} {ergonomic}
     bool SegmentedCodeCache                       = true                                      {product} {ergonomic}
   size_t SoftMaxHeapSize                          = 2147483648                             {manageable} {ergonomic}
     bool UseCompressedOops                        = true                           {product lp64_product} {ergonomic}
     bool UseG1GC                                  = true                                      {product} {ergonomic}
     bool UseLargePagesIndividualAllocation        = false                                  {pd product} {ergonomic}

Logging:
Log output configuration:
 #0: stdout all=warning uptime,level,tags foldmultilines=false
 #1: stderr all=off uptime,level,tags foldmultilines=false

Release file:
JAVA_VERSION="21.0.9" 
MODULES="java.base java.compiler java.datatransfer java.xml java.prefs java.desktop java.instrument java.logging java.management java.security.sasl java.naming java.rmi java.management.rmi java.net.http java.scripting java.security.jgss java.transaction.xa java.sql java.sql.rowset java.xml.crypto java.se java.smartcardio jdk.accessibility jdk.internal.jvmstat jdk.attach jdk.charsets jdk.internal.opt jdk.zipfs jdk.compiler jdk.crypto.ec jdk.crypto.cryptoki jdk.dynalink jdk.hotspot.agent jdk.httpserver jdk.internal.ed jdk.internal.le jdk.internal.vm.ci jdk.jartool jdk.javadoc jdk.jcmd jdk.jdeps jdk.jdwp.agent jdk.jdi jdk.jfr jdk.jlink jdk.jsobject jdk.localedata jdk.management jdk.management.agent jdk.management.jfr jdk.naming.dns jdk.naming.rmi jdk.net jdk.sctp jdk.security.auth jdk.security.jgss jdk.unsupported jdk.unsupported.desktop jdk.xml.dom" 
IMPLEMENTOR="JetBrains s.r.o." 
JAVA_RUNTIME_VERSION="21.0.9+-14787801-b1163.94" 
LIBC="default" 
OS_ARCH="x86_64" 
OS_NAME="Windows" 
SOURCE=".:git:0c757ddc9f2f" 

Environment Variables:
PATH=C:\Program Files\Common Files\Oracle\Java\javapath;C:\WINDOWS\system32;C:\WINDOWS;C:\WINDOWS\System32\Wbem;C:\WINDOWS\System32\WindowsPowerShell\v1.0\;C:\WINDOWS\System32\OpenSSH\;C:\MinGW\bin;C:\Program Files\dotnet\;C:\android_sdk\platform-tools;C:\android_sdk\cmdline-tools\latest\bin;C:\android_sdk\platform;C:\Program Files (x86)\Windows Kits\10\Windows Performance Toolkit\;C:\Program Files\Git\cmd;C:\xampp\php;C:\ProgramData\ComposerSetup\bin;C:\Program Files\nodejs\;C:\Users\mdyea\AppData\Local\Programs\Python\Python311\Scripts\;C:\Users\mdyea\AppData\Local\Programs\Python\Python311\;C:\Users\mdyea\AppData\Local\Microsoft\WindowsApps;C:\Users\mdyea\AppData\Local\Programs\Microsoft VS Code\bin;C:\flutter\bin;C:\android_sdk\cmdline-tools\latest\bin;C:\android_sdk\platform-tools;C:\android_sdk\platform;C:\Program Files\Git\bin;C:\Users\mdyea\AppData\Local\Programs\Ollama;C:\Users\mdyea\AppData\Roaming\Composer\vendor\bin;C:\Users\mdyea\AppData\Roaming\npm;C:\Program Files\nodejs;C:\Users\mdyea\AppData\Local\Programs\Antigravity\bin;C:\Users\mdyea\AppData\Local\Programs\Antigravity IDE\bin
USERNAME=mdyea
OS=Windows_NT
PROCESSOR_IDENTIFIER=Intel64 Family 6 Model 140 Stepping 2, GenuineIntel
TMP=C:\Users\mdyea\AppData\Local\Temp
TEMP=C:\Users\mdyea\AppData\Local\Temp




Periodic native trim disabled

JNI global refs:
JNI global refs: 30, weak refs: 14

JNI global refs memory usage: 835, weak refs: 833

Process memory usage:
Resident Set Size: 759636K (6% of 12315428K total physical memory with 401288K free physical memory)

OOME stack traces (most recent first):
Classloader memory used:
Loader org.gradle.internal.classloader.VisitableURLClassLoader$InstrumentingVisitableURLClassLoader: 54414K
Loader org.gradle.internal.classloader.VisitableURLClassLoader                         : 46080K
Loader bootstrap                                                                       : 33279K
Loader java.net.URLClassLoader                                                         : 14253K
Loader org.gradle.initialization.MixInLegacyTypesClassLoader                           : 12406K
Loader jdk.internal.loader.ClassLoaders$AppClassLoader                                 : 8081K
Loader jdk.internal.loader.ClassLoaders$PlatformClassLoader                            : 944K
Loader jdk.internal.reflect.DelegatingClassLoader                                      : 714K
Loader org.gradle.internal.classloader.VisitableURLClassLoader                         : 261K
Loader org.gradle.groovy.scripts.internal.DefaultScriptCompilationHandler$ScriptClassLoader: 137K
Loader org.codehaus.groovy.runtime.callsite.CallSiteClassLoader                        : 27632B
Loader sun.reflect.misc.MethodUtil                                                     : 2984B

Classes loaded by more than one classloader:
Class Program                                                                         : loaded 5 times (x 72B)
Class kotlin.jvm.internal.Lambda                                                      : loaded 4 times (x 75B)
Class kotlin.UninitializedPropertyAccessException                                     : loaded 4 times (x 82B)
Class kotlin.jvm.internal.FunctionBase                                                : loaded 4 times (x 70B)
Class kotlin.LazyKt__LazyJVMKt                                                        : loaded 4 times (x 71B)
Class kotlin.SynchronizedLazyImpl                                                     : loaded 4 times (x 76B)
Class kotlin.LazyKt__LazyKt                                                           : loaded 4 times (x 71B)
Class kotlin.UNINITIALIZED_VALUE                                                      : loaded 4 times (x 71B)
Class kotlin.Function                                                                 : loaded 4 times (x 70B)
Class kotlin.jvm.functions.Function0                                                  : loaded 4 times (x 70B)
Class kotlin.jvm.functions.Function1                                                  : loaded 4 times (x 70B)
Class kotlin.jvm.internal.Intrinsics                                                  : loaded 4 times (x 71B)
Class kotlin.KotlinNullPointerException                                               : loaded 4 times (x 83B)
Class kotlin.LazyKt                                                                   : loaded 4 times (x 71B)
Class kotlin.Lazy                                                                     : loaded 4 times (x 70B)
Class kotlin.NoWhenBranchMatchedException                                             : loaded 4 times (x 82B)
Class com.google.common.collect.ImmutableMapEntrySet$RegularEntrySet                  : loaded 3 times (x 151B)
Class kotlin.collections.CollectionsKt__ReversedViewsKt                               : loaded 3 times (x 71B)
Class com.google.common.collect.Maps$BiMapConverter                                   : loaded 3 times (x 90B)
Class kotlin.jvm.internal.markers.KMappedMarker                                       : loaded 3 times (x 70B)
Class Build_gradle                                                                    : loaded 3 times (x 130B)
Class kotlin.text.StringsKt__StringBuilderKt                                          : loaded 3 times (x 71B)
Class kotlin.jvm.internal.CallableReference$NoReceiver                                : loaded 3 times (x 71B)
Class kotlin.collections.ArraysKt__ArraysJVMKt                                        : loaded 3 times (x 71B)
Class kotlin.collections.SetsKt__SetsKt                                               : loaded 3 times (x 71B)
Class com.google.common.collect.ImmutableList$1                                       : loaded 3 times (x 97B)
Class com.google.common.collect.PeekingIterator                                       : loaded 3 times (x 70B)
Class com.google.common.collect.ImmutableList                                         : loaded 3 times (x 206B)
Class kotlin.collections.ArraysKt                                                     : loaded 3 times (x 71B)
Class kotlin.text.CharsKt__CharKt                                                     : loaded 3 times (x 71B)
Class com.google.common.base.Preconditions                                            : loaded 3 times (x 71B)
Class com.google.common.base.Equivalence$Equals                                       : loaded 3 times (x 82B)
Class com.google.common.collect.Hashing                                               : loaded 3 times (x 71B)
Class com.google.common.base.PatternCompiler                                          : loaded 3 times (x 70B)
Class kotlin.ranges.RangesKt___RangesKt                                               : loaded 3 times (x 71B)
Class com.google.common.collect.RegularImmutableMap                                   : loaded 3 times (x 121B)
Class com.google.common.collect.ImmutableMap$MapViewOfValuesAsSingletonSets           : loaded 3 times (x 125B)
Class com.google.common.collect.RegularImmutableBiMap                                 : loaded 3 times (x 148B)
Class kotlin.ranges.OpenEndRange                                                      : loaded 3 times (x 70B)
Class com.google.common.collect.ImmutableSet$SetBuilderImpl                           : loaded 3 times (x 76B)
Class kotlin.collections.CollectionsKt__IterablesKt                                   : loaded 3 times (x 71B)
Class kotlin.ranges.IntProgression$Companion                                          : loaded 3 times (x 71B)
Class com.google.common.collect.UnmodifiableListIterator                              : loaded 3 times (x 95B)
Class kotlin.collections.MapsKt                                                       : loaded 3 times (x 71B)
Class com.google.common.collect.RegularImmutableMap$BucketOverflowException           : loaded 3 times (x 82B)
Class kotlin.ranges.IntRange$Companion                                                : loaded 3 times (x 71B)
Class kotlin.reflect.KAnnotatedElement                                                : loaded 3 times (x 70B)
Class kotlin.collections.EmptyMap                                                     : loaded 3 times (x 109B)
Class com.google.common.base.Platform$JdkPatternCompiler                              : loaded 3 times (x 75B)
Class kotlin.sequences.SequencesKt__SequenceBuilderKt                                 : loaded 3 times (x 71B)
Class com.google.common.collect.ImmutableSet$RegularSetBuilderImpl                    : loaded 3 times (x 77B)
Class kotlin.collections.CollectionsKt__MutableCollectionsJVMKt                       : loaded 3 times (x 71B)
Class kotlin.text.StringsKt___StringsKt                                               : loaded 3 times (x 71B)
Class kotlin.enums.EnumEntriesKt                                                      : loaded 3 times (x 71B)
Class kotlin.collections.MapsKt__MapWithDefaultKt                                     : loaded 3 times (x 71B)
Class kotlin.collections.MapsKt___MapsKt                                              : loaded 3 times (x 71B)
Class kotlin.collections.ArraysKt___ArraysKt                                          : loaded 3 times (x 71B)
Class com.google.common.collect.SortedMapDifference                                   : loaded 3 times (x 70B)
Class kotlin.sequences.SequencesKt___SequencesKt                                      : loaded 3 times (x 71B)
Class kotlin.text.StringsKt___StringsJvmKt                                            : loaded 3 times (x 71B)
Class kotlin.collections.AbstractList$Companion                                       : loaded 3 times (x 71B)
Class kotlin.reflect.KDeclarationContainer                                            : loaded 3 times (x 70B)
Class kotlin.annotation.Retention                                                     : loaded 3 times (x 70B)
Class com.google.common.collect.CollectPreconditions                                  : loaded 3 times (x 71B)
Class kotlin.collections.CollectionsKt___CollectionsKt                                : loaded 3 times (x 71B)
Class [Lcom.google.common.collect.ImmutableMapEntry;                                  : loaded 3 times (x 69B)
Class kotlin.collections.EmptySet                                                     : loaded 3 times (x 122B)
Class kotlin.annotation.Target                                                        : loaded 3 times (x 70B)
Class com.google.common.collect.ImmutableEntry                                        : loaded 3 times (x 82B)
Class [Lcom.google.common.collect.AbstractMapEntry;                                   : loaded 3 times (x 69B)
Class com.google.common.collect.ImmutableEnumMap                                      : loaded 3 times (x 125B)
Class kotlin.collections.MapsKt___MapsJvmKt                                           : loaded 3 times (x 71B)
Class com.google.common.base.Predicate                                                : loaded 3 times (x 70B)
Class kotlin.text.StringsKt__AppendableKt                                             : loaded 3 times (x 71B)
Class com.google.common.collect.ImmutableMap                                          : loaded 3 times (x 120B)
Class kotlin.sequences.FilteringSequence$iterator$1                                   : loaded 3 times (x 79B)
Class kotlin.collections.ArraysUtilJVM                                                : loaded 3 times (x 71B)
Class com.google.common.collect.ImmutableList$SubList                                 : loaded 3 times (x 208B)
Class kotlin.ranges.RangesKt                                                          : loaded 3 times (x 71B)
Class kotlin.collections.CollectionsKt                                                : loaded 3 times (x 71B)
Class kotlin.sequences.SequencesKt___SequencesJvmKt                                   : loaded 3 times (x 71B)
Class kotlin.Unit                                                                     : loaded 3 times (x 71B)
Class kotlin.collections.CollectionsKt___CollectionsJvmKt                             : loaded 3 times (x 71B)
Class com.google.common.collect.RegularImmutableMap$Values                            : loaded 3 times (x 207B)
Class com.google.common.collect.ImmutableSet                                          : loaded 3 times (x 145B)
Class kotlin.text.CharsKt__CharJVMKt                                                  : loaded 3 times (x 71B)
Class kotlin.comparisons.ComparisonsKt___ComparisonsKt                                : loaded 3 times (x 71B)
Class kotlin.sequences.Sequence                                                       : loaded 3 times (x 70B)
Class kotlin.comparisons.ComparisonsKt                                                : loaded 3 times (x 71B)
Class kotlin.sequences.FilteringSequence                                              : loaded 3 times (x 75B)
Class kotlin.text.StringsKt__StringNumberConversionsJVMKt                             : loaded 3 times (x 71B)
Class kotlin.ranges.RangesKt__RangesKt                                                : loaded 3 times (x 71B)
Class kotlin.comparisons.ComparisonsKt__ComparisonsKt                                 : loaded 3 times (x 71B)
Class kotlin.collections.SetsKt___SetsKt                                              : loaded 3 times (x 71B)
Class kotlin.sequences.SequencesKt__SequencesKt                                       : loaded 3 times (x 71B)
Class com.google.common.collect.Iterators$MergingIterator                             : loaded 3 times (x 81B)
Class kotlin.text.StringsKt__StringBuilderJVMKt                                       : loaded 3 times (x 71B)
Class kotlin.text.StringsKt__StringsKt                                                : loaded 3 times (x 71B)
Class kotlin.collections.AbstractCollection                                           : loaded 3 times (x 117B)
Class kotlin.collections.AbstractList                                                 : loaded 3 times (x 197B)
Class kotlin.sequences.SequencesKt__SequencesJVMKt                                    : loaded 3 times (x 71B)
Class com.google.common.collect.Maps$8                                                : loaded 3 times (x 82B)
Class Build_gradle$1                                                                  : loaded 3 times (x 74B)
Class kotlin.text.StringsKt__RegexExtensionsKt                                        : loaded 3 times (x 71B)
Class kotlin.collections.EmptyIterator                                                : loaded 3 times (x 89B)
Class com.google.common.base.Platform                                                 : loaded 3 times (x 71B)
Class kotlin.NotImplementedError                                                      : loaded 3 times (x 82B)
Class [Lcom.google.common.collect.ImmutableEntry;                                     : loaded 3 times (x 69B)
Class com.google.common.collect.Maps                                                  : loaded 3 times (x 71B)
Class com.google.common.collect.ImmutableBiMapFauxverideShim                          : loaded 3 times (x 120B)
Class com.google.common.collect.RegularImmutableList                                  : loaded 3 times (x 212B)
Class kotlin.enums.EnumEntries                                                        : loaded 3 times (x 70B)
Class com.google.common.base.Equivalence                                              : loaded 3 times (x 82B)
Class com.google.common.collect.ImmutableMapEntry$NonTerminalImmutableMapEntry        : loaded 3 times (x 85B)
Class com.google.common.base.Function                                                 : loaded 3 times (x 70B)
Class kotlin.ranges.IntRange                                                          : loaded 3 times (x 93B)
Class com.google.common.collect.ImmutableMapEntry                                     : loaded 3 times (x 85B)
Class kotlin.collections.MapWithDefault                                               : loaded 3 times (x 70B)
Class com.google.common.collect.Iterators$10                                          : loaded 3 times (x 81B)
Class kotlin.jvm.internal.CallableReference                                           : loaded 3 times (x 106B)
Class com.google.common.base.CommonPattern                                            : loaded 3 times (x 74B)
Class kotlin.text.StringsKt__StringNumberConversionsKt                                : loaded 3 times (x 71B)
Class com.google.common.collect.Maps$EntryTransformer                                 : loaded 3 times (x 70B)
Class com.google.common.collect.MapDifference                                         : loaded 3 times (x 70B)
Class com.google.common.base.Equivalence$Identity                                     : loaded 3 times (x 82B)
Class kotlin.text.StringsKt                                                           : loaded 3 times (x 71B)
Class kotlin.text.StringsKt__RegexExtensionsJVMKt                                     : loaded 3 times (x 71B)
Class kotlin.collections.ArraysKt___ArraysJvmKt                                       : loaded 3 times (x 71B)
Class kotlin.collections.CollectionsKt__CollectionsKt                                 : loaded 3 times (x 71B)
Class com.google.common.base.FunctionalEquivalence                                    : loaded 3 times (x 83B)
Class com.google.common.collect.ImmutableAsList                                       : loaded 3 times (x 209B)
Class com.google.common.collect.Iterators$9                                           : loaded 3 times (x 81B)
Class kotlin.collections.CollectionsKt__IteratorsKt                                   : loaded 3 times (x 71B)
Class kotlin.sequences.SequencesKt                                                    : loaded 3 times (x 71B)
Class com.google.common.collect.ImmutableSet$CachingAsList                            : loaded 3 times (x 147B)
Class com.google.common.base.Converter                                                : loaded 3 times (x 90B)
Class kotlin._Assertions                                                              : loaded 3 times (x 71B)
Class com.google.common.collect.Lists                                                 : loaded 3 times (x 71B)
Class kotlin.collections.CollectionsKt__CollectionsJVMKt                              : loaded 3 times (x 71B)
Class com.google.common.collect.ImmutableCollection                                   : loaded 3 times (x 125B)
Class com.google.common.collect.Iterators$5                                           : loaded 3 times (x 82B)
Class com.google.common.collect.ImmutableBiMap                                        : loaded 3 times (x 143B)
Class com.google.common.collect.Iterators$4                                           : loaded 3 times (x 82B)
Class com.google.common.base.PairwiseEquivalence                                      : loaded 3 times (x 83B)
Class kotlin.Metadata                                                                 : loaded 3 times (x 70B)
Class com.google.common.collect.Iterators$ArrayItr                                    : loaded 3 times (x 97B)
Class com.google.common.collect.ImmutableCollection$Builder                           : loaded 3 times (x 76B)
Class com.google.common.collect.ImmutableMap$IteratorBasedImmutableMap                : loaded 3 times (x 125B)
Class com.google.common.collect.SingletonImmutableSet                                 : loaded 3 times (x 146B)
Class com.google.common.collect.RegularImmutableMap$KeySet                            : loaded 3 times (x 150B)
Class com.google.common.collect.Iterators$1                                           : loaded 3 times (x 81B)
Class kotlin.enums.EnumEntriesList                                                    : loaded 3 times (x 223B)
Class kotlin.collections.MapsKt__MapsKt                                               : loaded 3 times (x 71B)
Class kotlin.jvm.internal.FunctionReference                                           : loaded 3 times (x 122B)
Class com.google.common.collect.RegularImmutableSet                                   : loaded 3 times (x 148B)
Class kotlin.reflect.KFunction                                                        : loaded 3 times (x 70B)
Class com.google.common.collect.ImmutableList$ReverseImmutableList                    : loaded 3 times (x 208B)
Class com.google.common.base.JdkPattern                                               : loaded 3 times (x 75B)
Class kotlin.TuplesKt                                                                 : loaded 3 times (x 71B)
Class kotlin.text.StringsKt__IndentKt                                                 : loaded 3 times (x 71B)
Class kotlin.collections.SetsKt                                                       : loaded 3 times (x 71B)
Class kotlin.comparisons.ComparisonsKt___ComparisonsJvmKt                             : loaded 3 times (x 71B)
Class kotlin.collections.CollectionsKt__IteratorsJVMKt                                : loaded 3 times (x 71B)
Class com.google.common.collect.SingletonImmutableList                                : loaded 3 times (x 207B)
Class kotlin.text.StringsKt__StringsJVMKt                                             : loaded 3 times (x 71B)
Class kotlin.ranges.ClosedRange                                                       : loaded 3 times (x 70B)
Class com.google.common.collect.Multimap                                              : loaded 3 times (x 70B)
Class com.google.common.base.Present                                                  : loaded 3 times (x 81B)
Class com.google.common.collect.UnmodifiableIterator                                  : loaded 3 times (x 80B)
Class com.google.common.collect.ImmutableMap$Builder                                  : loaded 3 times (x 82B)
Class kotlin.internal.ProgressionUtilKt                                               : loaded 3 times (x 71B)
Class kotlin.collections.SetsKt__SetsJVMKt                                            : loaded 3 times (x 71B)
Class com.google.common.collect.ImmutableMapEntrySet                                  : loaded 3 times (x 151B)
Class kotlin.ranges.IntProgression                                                    : loaded 3 times (x 81B)
Class com.google.common.collect.SingletonImmutableBiMap                               : loaded 3 times (x 143B)
Class com.google.common.collect.AbstractMapEntry                                      : loaded 3 times (x 81B)
Class kotlin.collections.ArraysKt__ArraysKt                                           : loaded 3 times (x 71B)
Class kotlin.Pair                                                                     : loaded 3 times (x 72B)
Class com.google.common.collect.AbstractIndexedListIterator                           : loaded 3 times (x 96B)
Class com.google.common.base.Absent                                                   : loaded 3 times (x 80B)
Class com.google.common.collect.AbstractIterator                                      : loaded 3 times (x 82B)
Class com.google.common.collect.BiMap                                                 : loaded 3 times (x 70B)
Class com.google.common.collect.ImmutableMap$1                                        : loaded 3 times (x 81B)
Class com.google.common.collect.IndexedImmutableSet                                   : loaded 3 times (x 150B)
Class com.google.common.collect.ImmutableList$Builder                                 : loaded 3 times (x 77B)
Class kotlin.collections.MapsKt__MapsJVMKt                                            : loaded 3 times (x 71B)
Class kotlin.collections.EmptyList                                                    : loaded 3 times (x 174B)
Class com.google.common.collect.Lists$StringAsImmutableList                           : loaded 3 times (x 207B)
Class kotlin.collections.CollectionsKt__MutableCollectionsKt                          : loaded 3 times (x 71B)
Class kotlin.text.CharsKt                                                             : loaded 3 times (x 71B)
Class com.google.common.base.Optional                                                 : loaded 3 times (x 80B)
Class com.google.common.collect.Iterators                                             : loaded 3 times (x 71B)
Class kotlin.reflect.KCallable                                                        : loaded 3 times (x 70B)
Class com.google.common.collect.RegularImmutableAsList                                : loaded 3 times (x 216B)
Class kotlin.jvm.KotlinReflectionNotSupportedError                                    : loaded 3 times (x 82B)
Class kotlin.ReplaceWith                                                              : loaded 2 times (x 70B)
Class com.google.common.cache.LocalCache$2                                            : loaded 2 times (x 142B)
Class kotlin.reflect.jvm.internal.impl.utils.CollectionsKt                            : loaded 2 times (x 71B)
Class kotlin.reflect.jvm.internal.CacheByClass                                        : loaded 2 times (x 73B)
Class com.google.common.collect.Sets$ImprovedAbstractSet                              : loaded 2 times (x 135B)
Class kotlin.io.TerminateException                                                    : loaded 2 times (x 82B)
Class kotlin.io.FilesKt__FilePathComponentsKt                                         : loaded 2 times (x 71B)
Class com.google.common.collect.ImmutableRangeSet$1                                   : loaded 2 times (x 209B)
Class com.google.common.util.concurrent.AbstractFuture$UnsafeAtomicHelper$1           : loaded 2 times (x 76B)
Class com.google.common.collect.MapMakerInternalMap$AbstractStrongKeyEntry            : loaded 2 times (x 80B)
Class com.google.common.reflect.TypeToken$SimpleTypeToken                             : loaded 2 times (x 73B)
Class kotlin.io.CloseableKt                                                           : loaded 2 times (x 71B)
Class kotlin.io.LinesSequence$iterator$1                                              : loaded 2 times (x 79B)
Class kotlin.collections.AbstractIterator                                             : loaded 2 times (x 83B)
Class com.google.common.collect.Range                                                 : loaded 2 times (x 87B)
Class com.google.common.util.concurrent.AbstractFuture$Trusted                        : loaded 2 times (x 70B)
Class com.google.common.base.CharMatcher$RangesMatcher                                : loaded 2 times (x 112B)
Class kotlin.reflect.KProperty2                                                       : loaded 2 times (x 70B)
Class kotlin.reflect.jvm.internal.KMutableProperty1Impl                               : loaded 2 times (x 135B)
Class kotlin.text.DelimitedRangesSequence$iterator$1                                  : loaded 2 times (x 79B)
Class com.google.common.io.ByteSink$AsCharSink                                        : loaded 2 times (x 80B)
Class com.google.common.util.concurrent.UncheckedExecutionException                   : loaded 2 times (x 82B)
Class org.gradle.kotlin.dsl.VersionCatalogAccessorsKt                                 : loaded 2 times (x 71B)
Class kotlin.reflect.jvm.internal.KClassImpl$Data$declaredMembers$2                   : loaded 2 times (x 79B)
Class kotlin.io.FileTreeWalk$FileTreeWalkIterator$WhenMappings                        : loaded 2 times (x 71B)
Class com.google.common.collect.ImmutableSortedSetFauxverideShim                      : loaded 2 times (x 147B)
Class com.google.common.base.CharMatcher$JavaLetterOrDigit                            : loaded 2 times (x 111B)
Class org.gradle.internal.InternalTransformer                                         : loaded 2 times (x 70B)
Class kotlin.DeprecationLevel                                                         : loaded 2 times (x 79B)
Class kotlin.reflect.jvm.internal.KClassImpl$Data$qualifiedName$2                     : loaded 2 times (x 79B)
Class kotlin.reflect.jvm.internal.ReflectionFactoryImpl                               : loaded 2 times (x 91B)
Class kotlin.collections.CollectionsKt___CollectionsKt$withIndex$1                    : loaded 2 times (x 79B)
Class com.google.common.collect.ImmutableBiMap$Builder                                : loaded 2 times (x 82B)
Class com.google.common.collect.AbstractMapBasedMultimap$KeySet$1                     : loaded 2 times (x 82B)
Class org.objectweb.asm.ClassWriter                                                   : loaded 2 times (x 106B)
Class com.google.common.cache.CacheLoader$UnsupportedLoadingOperationException        : loaded 2 times (x 82B)
Class com.google.common.base.CharMatcher$And                                          : loaded 2 times (x 112B)
Class org.gradle.internal.classloader.ClasspathUtil$1                                 : loaded 2 times (x 76B)
Class kotlin.sequences.GeneratorSequence$iterator$1                                   : loaded 2 times (x 79B)
Class com.google.common.cache.LocalCache$1                                            : loaded 2 times (x 89B)
Class com.google.common.base.Ascii                                                    : loaded 2 times (x 71B)
Class kotlin.collections.builders.ListBuilderKt                                       : loaded 2 times (x 71B)
Class kotlin.reflect.jvm.internal.impl.builtins.StandardNames$FqNames                 : loaded 2 times (x 71B)
Class kotlin.reflect.jvm.internal.KCallableImpl$_absentArguments$1                    : loaded 2 times (x 79B)
Class com.google.common.collect.FluentIterable$1                                      : loaded 2 times (x 81B)
Class com.google.common.base.Objects                                                  : loaded 2 times (x 71B)
Class org.objectweb.asm.FieldVisitor                                                  : loaded 2 times (x 77B)
Class org.gradle.api.internal.classpath.DefaultModuleRegistry$DefaultModule           : loaded 2 times (x 86B)
Class kotlin.ResultKt                                                                 : loaded 2 times (x 71B)
Class com.google.common.collect.HashBiMap$BiEntry                                     : loaded 2 times (x 83B)
Class kotlin.reflect.KProperty1                                                       : loaded 2 times (x 70B)
Class kotlin.reflect.jvm.internal.ClassValueCache                                     : loaded 2 times (x 74B)
Class com.google.common.reflect.Reflection                                            : loaded 2 times (x 71B)
Class com.google.common.collect.FluentIterable$2                                      : loaded 2 times (x 81B)
Class com.google.common.primitives.Ints                                               : loaded 2 times (x 71B)
Class kotlin.Deprecated                                                               : loaded 2 times (x 70B)
Class kotlin.collections.IndexingIterable                                             : loaded 2 times (x 79B)
Class kotlin.reflect.KClass                                                           : loaded 2 times (x 70B)
Class kotlin.reflect.jvm.internal.KClassImpl$Data$inheritedStaticMembers$2            : loaded 2 times (x 79B)
Class kotlin.Result$Failure                                                           : loaded 2 times (x 72B)
Class kotlin.sequences.TransformingSequence$iterator$1                                : loaded 2 times (x 79B)
Class com.google.common.collect.FluentIterable$3                                      : loaded 2 times (x 81B)
Class com.google.common.math.MathPreconditions                                        : loaded 2 times (x 71B)
Class com.google.common.collect.Multiset                                              : loaded 2 times (x 70B)
Class com.google.common.collect.ArrayListMultimapGwtSerializationDependencies         : loaded 2 times (x 172B)
Class com.google.common.collect.ObjectArrays                                          : loaded 2 times (x 71B)
Class org.gradle.internal.service.ServiceLocator                                      : loaded 2 times (x 70B)
Class com.google.common.collect.Platform                                              : loaded 2 times (x 71B)
Class [Lorg.objectweb.asm.Type;                                                       : loaded 2 times (x 69B)
Class kotlin.reflect.jvm.internal.impl.builtins.jvm.JavaToKotlinClassMap              : loaded 2 times (x 71B)
Class kotlin.reflect.jvm.internal.KotlinReflectionInternalError                       : loaded 2 times (x 82B)
Class org.gradle.api.internal.classpath.Module                                        : loaded 2 times (x 70B)
Class kotlin.reflect.jvm.internal.KClassifierImpl                                     : loaded 2 times (x 70B)
Class kotlin.reflect.KMutableProperty                                                 : loaded 2 times (x 70B)
Class kotlin.reflect.KProperty0                                                       : loaded 2 times (x 70B)
Class kotlin.io.FileAlreadyExistsException                                            : loaded 2 times (x 82B)
Class com.google.common.cache.Weigher                                                 : loaded 2 times (x 70B)
Class ijJvmDebugger1_3a96tmiirlkuawgppkg0da6mo$_run_closure1                          : loaded 2 times (x 139B)
Class org.gradle.api.internal.classpath.UnknownModuleException                        : loaded 2 times (x 82B)
Class org.gradle.cache.GlobalCache                                                    : loaded 2 times (x 70B)
Class kotlin.jvm.internal.PropertyReference                                           : loaded 2 times (x 115B)
Class com.google.common.base.Stopwatch                                                : loaded 2 times (x 72B)
Class com.google.common.cache.LocalCache$Strength                                     : loaded 2 times (x 81B)
Class com.google.common.cache.Cache                                                   : loaded 2 times (x 70B)
Class kotlin.collections.IndexingIterator                                             : loaded 2 times (x 79B)
Class kotlin.Result                                                                   : loaded 2 times (x 72B)
Class kotlin.reflect.jvm.internal.KClassImpl$Data$nestedClasses$2                     : loaded 2 times (x 79B)
Class com.google.common.io.Files$2                                                    : loaded 2 times (x 76B)
Class com.google.common.io.AppendableWriter                                           : loaded 2 times (x 100B)
Class com.google.common.util.concurrent.AbstractFuture$Cancellation                   : loaded 2 times (x 72B)
Class com.google.common.base.NullnessCasts                                            : loaded 2 times (x 71B)
Class com.google.common.base.MoreObjects                                              : loaded 2 times (x 71B)
Class [Lkotlin.reflect.jvm.internal.impl.builtins.PrimitiveType;                      : loaded 2 times (x 69B)
Class kotlin.reflect.jvm.internal.impl.builtins.StandardNames                         : loaded 2 times (x 71B)
Class kotlin.reflect.jvm.internal.KClassImpl$Data$annotations$2                       : loaded 2 times (x 79B)
Class kotlin.reflect.jvm.internal.ReflectProperties$LazySoftVal                       : loaded 2 times (x 78B)
Class [Lkotlin.reflect.KAnnotatedElement;                                             : loaded 2 times (x 69B)
Class com.google.common.collect.Maps$EntryFunction$1                                  : loaded 2 times (x 91B)
Class com.google.common.cache.RemovalListener                                         : loaded 2 times (x 70B)
Class org.gradle.api.internal.DefaultClassPathRegistry                                : loaded 2 times (x 76B)
Class kotlin.annotation.AnnotationTarget                                              : loaded 2 times (x 79B)
Class com.google.common.base.Joiner                                                   : loaded 2 times (x 79B)
Class kotlin.jvm.JvmClassMappingKt                                                    : loaded 2 times (x 71B)
Class kotlin.reflect.jvm.internal.KPropertyImpl                                       : loaded 2 times (x 115B)
Class kotlin.reflect.KProperty                                                        : loaded 2 times (x 70B)
Class kotlin.jvm.internal.Reflection                                                  : loaded 2 times (x 71B)
Class com.google.common.collect.BaseImmutableMultimap                                 : loaded 2 times (x 123B)
Class com.google.common.reflect.Invokable$ConstructorInvokable                        : loaded 2 times (x 107B)
Class com.google.common.collect.Maps$EntryFunction$2                                  : loaded 2 times (x 91B)
Class com.google.common.collect.ImmutableMultimap$Keys                                : loaded 2 times (x 166B)
Class com.google.common.primitives.IntsMethodsForWeb                                  : loaded 2 times (x 71B)
Class org.gradle.api.internal.ClassPathRegistry                                       : loaded 2 times (x 70B)
Class org.gradle.internal.classpath.DefaultClassPath$ImmutableUniqueList              : loaded 2 times (x 199B)
Class kotlin.collections.IntIterator                                                  : loaded 2 times (x 82B)
Class kotlin.text.StringsKt__StringsKt$splitToSequence$1                              : loaded 2 times (x 79B)
Class kotlin.reflect.jvm.internal.impl.resolve.jvm.JvmPrimitiveType                   : loaded 2 times (x 79B)
Class kotlin.reflect.jvm.internal.KClassImpl$Data$declaredNonStaticMembers$2          : loaded 2 times (x 79B)
Class kotlin.reflect.jvm.internal.ComputableClassValue                                : loaded 2 times (x 80B)
Class com.google.common.collect.EmptyImmutableListMultimap                            : loaded 2 times (x 176B)
Class kotlin.jvm.internal.TypeIntrinsics                                              : loaded 2 times (x 71B)
Class com.google.common.reflect.TypeToken                                             : loaded 2 times (x 73B)
Class com.google.common.collect.NullnessCasts                                         : loaded 2 times (x 71B)
Class com.google.common.collect.MapMakerInternalMap$Segment                           : loaded 2 times (x 142B)
Class com.google.common.base.ExtraObjectsMethodsForWeb                                : loaded 2 times (x 71B)
Class com.google.common.reflect.TypeResolver$TypeVariableKey                          : loaded 2 times (x 72B)
Class kotlin.reflect.jvm.internal.impl.name.StandardClassIdsKt                        : loaded 2 times (x 71B)
Class kotlin.reflect.jvm.internal.impl.name.FqNamesUtilKt                             : loaded 2 times (x 71B)
Class com.google.common.cache.CacheLoader$FunctionToCacheLoader                       : loaded 2 times (x 75B)
Class com.google.common.cache.RemovalCause                                            : loaded 2 times (x 80B)
Class com.google.common.io.ByteSink                                                   : loaded 2 times (x 76B)
Class com.google.common.cache.CacheBuilder                                            : loaded 2 times (x 72B)
Class Settings_gradle$1                                                               : loaded 2 times (x 74B)
Class org.gradle.internal.classpath.ClassPath                                         : loaded 2 times (x 70B)
Class org.gradle.api.UncheckedIOException                                             : loaded 2 times (x 82B)
Class com.google.common.collect.ImmutableListMultimap                                 : loaded 2 times (x 176B)
Class kotlin.reflect.jvm.internal.KPackageImpl                                        : loaded 2 times (x 85B)
Class com.google.common.collect.ImmutableRangeSet$AsSet                               : loaded 2 times (x 299B)
Class [Lkotlin.reflect.jvm.internal.impl.name.FqName;                                 : loaded 2 times (x 69B)
Class com.google.common.collect.Maps$IteratorBasedAbstractMap$1                       : loaded 2 times (x 138B)
Class [Lcom.google.common.reflect.Types$JavaVersion;                                  : loaded 2 times (x 69B)
Class com.google.common.collect.Interners$InternerBuilder                             : loaded 2 times (x 76B)
Class com.google.common.io.Files$FileByteSource                                       : loaded 2 times (x 85B)
Class com.google.common.reflect.Types$ParameterizedTypeImpl                           : loaded 2 times (x 81B)
Class kotlin.reflect.jvm.internal.KClassImpl$Data$declaredStaticMembers$2             : loaded 2 times (x 79B)
Class kotlin.reflect.jvm.internal.KProperty1Impl$delegateSource$1                     : loaded 2 times (x 79B)
Class [Lkotlin.reflect.KDeclarationContainer;                                         : loaded 2 times (x 69B)
Class kotlin.reflect.jvm.internal.KClassImpl$data$1                                   : loaded 2 times (x 79B)
Class com.google.common.io.CharStreams$NullWriter                                     : loaded 2 times (x 99B)
Class org.objectweb.asm.SymbolTable$Entry                                             : loaded 2 times (x 74B)
Class com.google.common.util.concurrent.AbstractFuture$AtomicHelper                   : loaded 2 times (x 78B)
Class kotlin.reflect.jvm.internal.KPropertyImpl$_javaField$1                          : loaded 2 times (x 79B)
Class org.objectweb.asm.Edge                                                          : loaded 2 times (x 72B)
Class com.google.common.base.Suppliers$SupplierOfInstance                             : loaded 2 times (x 79B)
Class kotlin.reflect.jvm.internal.impl.name.StandardClassIds                          : loaded 2 times (x 71B)
Class [Lkotlin.annotation.AnnotationTarget;                                           : loaded 2 times (x 69B)
Class kotlin.text.StringsKt__StringsKt$rangesDelimitedBy$2                            : loaded 2 times (x 79B)
Class kotlin.collections.AbstractMutableSet                                           : loaded 2 times (x 142B)
Class [Lkotlin.coroutines.intrinsics.CoroutineSingletons;                             : loaded 2 times (x 69B)
Class com.google.common.reflect.TypeToken$1                                           : loaded 2 times (x 110B)
Class com.google.common.cache.LocalCache$ComputingValueReference                      : loaded 2 times (x 96B)
Class kotlin.sequences.SequencesKt___SequencesKt$filterNotNull$1                      : loaded 2 times (x 78B)
Class kotlin.reflect.jvm.internal.KClassImpl$Data$supertypes$2                        : loaded 2 times (x 79B)
Class kotlin.reflect.KProperty$Getter                                                 : loaded 2 times (x 70B)
Class com.google.common.reflect.TypeToken$2                                           : loaded 2 times (x 110B)
Class com.google.common.collect.AbstractMapBasedMultimap$AsMap$AsMapEntries           : loaded 2 times (x 138B)
Class com.google.common.cache.LocalCache$Segment                                      : loaded 2 times (x 154B)
Class org.gradle.internal.classpath.TransformedClassPath                              : loaded 2 times (x 96B)
Class com.google.common.cache.CacheBuilder$NullListener                               : loaded 2 times (x 82B)
Class kotlin.SafePublicationLazyImpl                                                  : loaded 2 times (x 76B)
Class kotlin.reflect.jvm.internal.ReflectProperties                                   : loaded 2 times (x 71B)
Class com.google.common.collect.SortedIterable                                        : loaded 2 times (x 70B)
Class [Lorg.objectweb.asm.SymbolTable$Entry;                                          : loaded 2 times (x 69B)
Class com.google.common.cache.CacheLoader                                             : loaded 2 times (x 74B)
Class com.google.common.collect.AbstractListMultimap                                  : loaded 2 times (x 172B)
Class org.gradle.internal.installation.GradleInstallation$1                           : loaded 2 times (x 75B)
Class org.gradle.api.internal.classpath.ModuleRegistry                                : loaded 2 times (x 70B)
Class org.objectweb.asm.FieldWriter                                                   : loaded 2 times (x 78B)
Class com.google.common.util.concurrent.internal.InternalFutureFailureAccess          : loaded 2 times (x 72B)
Class com.google.common.collect.ImmutableSet$JdkBackedSetBuilderImpl                  : loaded 2 times (x 76B)
Class com.google.common.base.Splitter$SplittingIterator                               : loaded 2 times (x 84B)
Class ijKotlinCoroutineJvmDebugInit1_1l7iqbxi6paf91n3tjfyt3nzo$_run_closure1          : loaded 2 times (x 139B)
Class kotlin.coroutines.intrinsics.IntrinsicsKt__IntrinsicsKt                         : loaded 2 times (x 71B)
Class kotlin.reflect.jvm.internal.KDeclarationContainerImpl                           : loaded 2 times (x 84B)
Class com.google.common.collect.Iterators$6                                           : loaded 2 times (x 81B)
Class com.google.common.collect.HashBiMap$Inverse                                     : loaded 2 times (x 142B)
Class com.google.common.io.Closer$SuppressingSuppressor                               : loaded 2 times (x 75B)
Class com.google.common.collect.ImmutableMultimap$Values                              : loaded 2 times (x 126B)
Class com.google.common.util.concurrent.AbstractFuture$UnsafeAtomicHelper             : loaded 2 times (x 78B)
Class com.google.common.cache.LocalCache$LocalManualCache$1                           : loaded 2 times (x 75B)
Class com.google.common.base.CharMatcher$ForPredicate                                 : loaded 2 times (x 112B)
Class com.google.common.collect.MapMaker$Dummy                                        : loaded 2 times (x 79B)
Class com.google.common.reflect.Invokable                                             : loaded 2 times (x 103B)
Class kotlin.io.FilesKt__UtilsKt                                                      : loaded 2 times (x 71B)
Class com.google.common.base.CharMatcher$AnyOf                                        : loaded 2 times (x 112B)
Class org.gradle.api.internal.classpath.DefaultModuleRegistry                         : loaded 2 times (x 86B)
Class kotlin.text.Regex$Companion                                                     : loaded 2 times (x 71B)
Class kotlin.sequences.SequencesKt__SequencesKt$generateSequence$2                    : loaded 2 times (x 79B)
Class kotlin.collections.IndexedValue                                                 : loaded 2 times (x 72B)
Class com.google.common.base.Splitter$1                                               : loaded 2 times (x 77B)
Class kotlin.collections.builders.MapBuilder$Itr                                      : loaded 2 times (x 72B)
Class com.google.common.cache.LocalCache$Strength$3                                   : loaded 2 times (x 81B)
Class kotlin.reflect.jvm.internal.impl.name.SpecialNames                              : loaded 2 times (x 71B)
Class com.google.common.collect.Interner                                              : loaded 2 times (x 70B)
Class com.google.common.util.concurrent.ListenableFuture                              : loaded 2 times (x 70B)
Class com.google.common.cache.ReferenceEntry                                          : loaded 2 times (x 70B)
Class com.google.common.base.CharMatcher$Any                                          : loaded 2 times (x 112B)
Class androidx.room.compiler.processing.javac.JavacBasicAnnotationProcessor           : loaded 2 times (x 98B)
Class com.google.common.collect.Interners$InternerImpl                                : loaded 2 times (x 75B)
Class [Lcom.google.common.collect.Maps$EntryFunction;                                 : loaded 2 times (x 69B)
Class com.google.common.collect.TransformedIterator                                   : loaded 2 times (x 80B)
Class kotlin.jvm.internal.markers.KMutableSet                                         : loaded 2 times (x 70B)
Class kotlin.reflect.jvm.internal.KClassImpl$Data$allMembers$2                        : loaded 2 times (x 79B)
Class kotlin.reflect.KTypeParameter                                                   : loaded 2 times (x 70B)
Class com.google.common.util.concurrent.AbstractFuture                                : loaded 2 times (x 106B)
Class com.google.common.collect.AbstractMapBasedMultimap                              : loaded 2 times (x 139B)
Class kotlin.reflect.jvm.internal.KClassImpl$Data$descriptor$2                        : loaded 2 times (x 79B)
Class kotlin.coroutines.jvm.internal.RestrictedContinuationImpl                       : loaded 2 times (x 87B)
Class kotlin.reflect.jvm.internal.CachesKt$CACHE_FOR_NULLABLE_BASE_CLASSIFIERS$1      : loaded 2 times (x 78B)
Class kotlin.io.FileTreeWalk$FileTreeWalkIterator$SingleFileState                     : loaded 2 times (x 74B)
Class com.google.common.reflect.TypeResolver$TypeTable                                : loaded 2 times (x 73B)
Class com.google.common.io.CharStreams                                                : loaded 2 times (x 71B)
Class com.google.common.collect.ImmutableMultiset                                     : loaded 2 times (x 163B)
Class org.objectweb.asm.RecordComponentVisitor                                        : loaded 2 times (x 77B)
Class com.google.common.cache.CacheLoader$SupplierToCacheLoader                       : loaded 2 times (x 75B)
Class androidx.room.RoomProcessor                                                     : loaded 2 times (x 98B)
Class kotlin.jvm.internal.markers.KMutableList                                        : loaded 2 times (x 70B)
Class com.google.common.cache.LocalCache$Strength$2                                   : loaded 2 times (x 81B)
Class com.google.common.util.concurrent.SettableFuture                                : loaded 2 times (x 114B)
Class kotlin.io.FilesKt__FileReadWriteKt                                              : loaded 2 times (x 71B)
Class [Lkotlin.Pair;                                                                  : loaded 2 times (x 69B)
Class com.google.common.reflect.TypeResolver$TypeTable$1                              : loaded 2 times (x 73B)
Class org.gradle.internal.service.ServiceLookupException                              : loaded 2 times (x 82B)
Class kotlin.jvm.internal.MutablePropertyReference1Impl                               : loaded 2 times (x 137B)
Class com.google.common.collect.ImmutableSortedSet                                    : loaded 2 times (x 299B)
Class com.google.common.collect.Lists$ReverseList                                     : loaded 2 times (x 200B)
Class [Lcom.google.common.cache.LocalCache$EntryFactory;                              : loaded 2 times (x 69B)
Class com.google.common.base.CharMatcher$JavaLetter                                   : loaded 2 times (x 111B)
Class org.gradle.internal.classloader.ClassLoaderFactory                              : loaded 2 times (x 70B)
Class com.google.common.collect.Collections2$FilteredCollection                       : loaded 2 times (x 119B)
Class kotlin.reflect.jvm.internal.impl.builtins.PrimitiveType                         : loaded 2 times (x 79B)
Class com.google.common.collect.ImmutableMap$SerializedForm                           : loaded 2 times (x 73B)
Class com.google.common.cache.LocalCache$LocalManualCache                             : loaded 2 times (x 99B)
Class com.google.common.base.CharMatcher$IsNot                                        : loaded 2 times (x 111B)
Class org.gradle.internal.service.CachingServiceLocator                               : loaded 2 times (x 82B)
Class androidx.room.compiler.processing.javac.JavacBasicAnnotationProcessor$steps$2   : loaded 2 times (x 79B)
Class kotlin.reflect.jvm.internal.CachesKt$CACHE_FOR_GENERIC_CLASSIFIERS$1            : loaded 2 times (x 78B)
Class com.google.common.reflect.Types$ClassOwnership$3                                : loaded 2 times (x 71B)
Class com.google.common.collect.RegularImmutableSortedSet                             : loaded 2 times (x 299B)
Class com.google.common.collect.AbstractMapBasedMultimap$KeySet                       : loaded 2 times (x 137B)
Class com.google.common.math.IntMath                                                  : loaded 2 times (x 71B)
Class ijJvmDebugger1_3a96tmiirlkuawgppkg0da6mo$_run_closure1$_closure2                : loaded 2 times (x 140B)
Class kotlin.jvm.functions.Function22                                                 : loaded 2 times (x 70B)
Class kotlin.annotation.AnnotationRetention                                           : loaded 2 times (x 79B)
Class kotlin.jvm.internal.markers.KMutableMap                                         : loaded 2 times (x 70B)
Class kotlin.reflect.jvm.internal.impl.descriptors.runtime.structure.ReflectClassUtilKt: loaded 2 times (x 71B)
Class kotlin.coroutines.jvm.internal.ContinuationImpl                                 : loaded 2 times (x 87B)
Class com.google.common.reflect.Types$TypeVariableInvocationHandler                   : loaded 2 times (x 75B)
Class [Lcom.google.common.collect.HashBiMap$BiEntry;                                  : loaded 2 times (x 69B)
Class com.google.common.collect.MapMakerInternalMap$InternalEntry                     : loaded 2 times (x 70B)
Class com.google.common.base.CharMatcher$JavaDigit                                    : loaded 2 times (x 111B)
Class com.google.common.cache.LocalCache$Strength$1                                   : loaded 2 times (x 81B)
Class org.objectweb.asm.ModuleVisitor                                                 : loaded 2 times (x 81B)
Class com.google.common.collect.Sets$4                                                : loaded 2 times (x 139B)
Class com.google.common.collect.MapMakerInternalMap$StrongValueEntry                  : loaded 2 times (x 70B)
Class com.google.common.base.Predicates                                               : loaded 2 times (x 71B)
Class com.google.common.collect.ImmutableMultimap                                     : loaded 2 times (x 147B)
Class com.google.common.reflect.TypeResolver                                          : loaded 2 times (x 72B)
Class kotlin.reflect.jvm.internal.KCallableImpl$_returnType$1                         : loaded 2 times (x 79B)
Class com.google.common.collect.IndexedImmutableSet$1                                 : loaded 2 times (x 212B)
Class com.google.common.cache.CacheBuilder$OneWeigher                                 : loaded 2 times (x 82B)
Class com.google.common.reflect.Types$ClassOwnership$2                                : loaded 2 times (x 80B)
Class kotlin.reflect.jvm.internal.KDeclarationContainerImpl$Companion                 : loaded 2 times (x 71B)
Class com.google.common.reflect.Types$ClassOwnership$1LocalClass                      : loaded 2 times (x 71B)
Class com.google.common.collect.Maps$EntryFunction                                    : loaded 2 times (x 91B)
Class org.gradle.internal.classloader.ClasspathUtil                                   : loaded 2 times (x 71B)
Class kotlin.jvm.internal.PropertyReference0                                          : loaded 2 times (x 127B)
Class kotlin.io.FileSystemException                                                   : loaded 2 times (x 82B)
Class com.google.common.base.Charsets                                                 : loaded 2 times (x 71B)
Class com.google.common.util.concurrent.Uninterruptibles                              : loaded 2 times (x 71B)
Class kotlin.reflect.jvm.internal.impl.name.ClassId                                   : loaded 2 times (x 72B)
Class kotlin.reflect.full.IllegalCallableAccessException                              : loaded 2 times (x 82B)
Class kotlin.jvm.internal.DefaultConstructorMarker                                    : loaded 2 times (x 71B)
Class kotlin.jvm.internal.PropertyReference1                                          : loaded 2 times (x 127B)
Class com.google.common.base.CharMatcher$JavaUpperCase                                : loaded 2 times (x 111B)
Class org.gradle.api.specs.Spec                                                       : loaded 2 times (x 70B)
Class kotlin.jvm.functions.Function21                                                 : loaded 2 times (x 70B)
Class kotlin.UnsafeLazyImpl                                                           : loaded 2 times (x 76B)
Class kotlin.LazyKt__LazyJVMKt$WhenMappings                                           : loaded 2 times (x 71B)
Class kotlin.jvm.internal.PropertyReference2                                          : loaded 2 times (x 127B)
Class kotlin.jvm.internal.MutablePropertyReference                                    : loaded 2 times (x 119B)
Class com.google.common.reflect.Types$JavaVersion                                     : loaded 2 times (x 83B)
Class com.google.common.collect.MapMaker                                              : loaded 2 times (x 72B)
Class [Lkotlin.reflect.jvm.internal.impl.builtins.jvm.JavaToKotlinClassMap$PlatformMutabilityMapping;: loaded 2 times (x 69B)
Class kotlin.reflect.jvm.internal.KClassImpl$Data$constructors$2                      : loaded 2 times (x 79B)
Class kotlin.LazyThreadSafetyMode                                                     : loaded 2 times (x 79B)
Class kotlin.reflect.full.IllegalPropertyDelegateAccessException                      : loaded 2 times (x 82B)
Class com.google.common.cache.LocalCache$LoadingValueReference                        : loaded 2 times (x 96B)
Class org.gradle.internal.service.UnknownServiceException                             : loaded 2 times (x 83B)
Class com.google.common.base.AbstractIterator$State                                   : loaded 2 times (x 79B)
Class kotlin.jvm.internal.SpreadBuilder                                               : loaded 2 times (x 76B)
Class com.google.common.cache.LocalCache$LocalLoadingCache                            : loaded 2 times (x 134B)
Class com.google.common.util.concurrent.AbstractFuture$SafeAtomicHelper               : loaded 2 times (x 79B)
Class com.google.common.collect.Sets$3                                                : loaded 2 times (x 139B)
Class com.google.common.reflect.Invokable$MethodInvokable                             : loaded 2 times (x 107B)
Class com.google.common.collect.MapMakerInternalMap$StrongKeyDummyValueEntry          : loaded 2 times (x 82B)
Class com.google.common.io.LineReader$1                                               : loaded 2 times (x 75B)
Class com.google.common.collect.CollectSpliterators                                   : loaded 2 times (x 71B)
Class com.google.common.collect.AbstractMapBasedMultimap$AsMap                        : loaded 2 times (x 128B)
Class [Lorg.objectweb.asm.AnnotationVisitor;                                          : loaded 2 times (x 69B)
Class kotlin.coroutines.jvm.internal.RestrictedSuspendLambda                          : loaded 2 times (x 91B)
Class com.google.common.collect.MapMakerInternalMap$Strength$2                        : loaded 2 times (x 80B)
Class com.google.common.reflect.Types$ClassOwnership$1                                : loaded 2 times (x 80B)
Class kotlin.jvm.functions.Function20                                                 : loaded 2 times (x 70B)
Class kotlin.reflect.jvm.internal.CachesKt$K_PACKAGE_CACHE$1                          : loaded 2 times (x 78B)
Class kotlin.io.FilePathComponents                                                    : loaded 2 times (x 72B)
Class com.google.common.collect.AbstractMapBasedMultimap$WrappedList                  : loaded 2 times (x 205B)
Class [Lorg.objectweb.asm.AnnotationWriter;                                           : loaded 2 times (x 69B)
Class com.google.common.primitives.Ints$IntConverter                                  : loaded 2 times (x 90B)
Class kotlin.collections.CollectionsKt___CollectionsKt$asSequence$$inlined$Sequence$1 : loaded 2 times (x 75B)
Class kotlin.Triple                                                                   : loaded 2 times (x 72B)
Class kotlin.collections.ArrayAsCollection                                            : loaded 2 times (x 105B)
Class kotlin.sequences.SequencesKt__SequenceBuilderKt$sequence$$inlined$Sequence$1    : loaded 2 times (x 75B)
Class kotlin.text.Regex                                                               : loaded 2 times (x 72B)
Class org.gradle.api.internal.ClassPathProvider                                       : loaded 2 times (x 70B)
Class com.google.common.base.Predicates$CompositionPredicate                          : loaded 2 times (x 88B)
Class [Lcom.google.common.collect.Iterators$EmptyModifiableIterator;                  : loaded 2 times (x 69B)
Class com.google.common.collect.ImmutableRangeSet$Builder                             : loaded 2 times (x 77B)
Class com.google.common.collect.Lists$ReverseList$1                                   : loaded 2 times (x 99B)
Class com.google.common.collect.Sets$SetView                                          : loaded 2 times (x 138B)
Class com.google.common.cache.LocalCache$StrongValueReference                         : loaded 2 times (x 90B)
Class com.google.common.util.concurrent.AbstractFuture$SynchronizedHelper             : loaded 2 times (x 78B)
Class com.google.common.base.CharMatcher$Invisible                                    : loaded 2 times (x 112B)
Class [Lorg.gradle.api.internal.ClassPathProvider;                                    : loaded 2 times (x 69B)
Class kotlin.jvm.internal.ReflectionFactory                                           : loaded 2 times (x 91B)
Class com.google.common.graph.SuccessorsFunction                                      : loaded 2 times (x 70B)
Class org.objectweb.asm.Type                                                          : loaded 2 times (x 72B)
Class org.gradle.internal.classloader.VisitableURLClassLoader$InstrumentingVisitableURLClassLoader: loaded 2 times (x 123B)
Class kotlin.coroutines.Continuation                                                  : loaded 2 times (x 70B)
Class com.google.common.collect.Sets$2                                                : loaded 2 times (x 139B)
Class [Lkotlin.reflect.jvm.internal.impl.resolve.jvm.JvmPrimitiveType;                : loaded 2 times (x 69B)
Class com.google.common.collect.Maps$ViewCachingAbstractMap                           : loaded 2 times (x 125B)
Class kotlin.jvm.internal.ClassBasedDeclarationContainer                              : loaded 2 times (x 70B)
Class com.google.common.collect.MapMakerInternalMap$Strength$1                        : loaded 2 times (x 80B)
Class [Lcom.google.common.base.Function;                                              : loaded 2 times (x 69B)
Class com.google.common.collect.MapMakerInternalMap$StrongKeyDummyValueEntry$Helper   : loaded 2 times (x 79B)
Class com.google.common.io.Files$FileByteSink                                         : loaded 2 times (x 77B)
Class org.objectweb.asm.ByteVector                                                    : loaded 2 times (x 79B)
Class [Lcom.google.common.cache.CacheBuilder$NullListener;                            : loaded 2 times (x 69B)
Class com.google.common.math.IntMath$1                                                : loaded 2 times (x 71B)
Class org.gradle.internal.classloader.VisitableURLClassLoader$Spec                    : loaded 2 times (x 74B)
Class org.gradle.internal.classpath.DefaultClassPath                                  : loaded 2 times (x 90B)
Class kotlin.reflect.jvm.internal.KMutableProperty1Impl$_setter$1                     : loaded 2 times (x 79B)
Class kotlin.coroutines.jvm.internal.BaseContinuationImpl                             : loaded 2 times (x 87B)
Class kotlin.reflect.jvm.internal.impl.builtins.jvm.JavaToKotlinClassMap$PlatformMutabilityMapping: loaded 2 times (x 72B)
Class kotlin.Result$Companion                                                         : loaded 2 times (x 71B)
Class kotlin.reflect.jvm.internal.impl.builtins.PrimitiveType$arrayTypeFqName$2       : loaded 2 times (x 79B)
Class kotlin.sequences.SequenceScope                                                  : loaded 2 times (x 73B)
Class androidx.room.RoomProcessor$1                                                   : loaded 2 times (x 78B)
Class com.google.common.reflect.Types$ClassOwnership                                  : loaded 2 times (x 80B)
Class org.objectweb.asm.Symbol                                                        : loaded 2 times (x 73B)
Class com.google.common.base.AbstractIterator                                         : loaded 2 times (x 80B)
Class androidx.room.compiler.processing.XBasicAnnotationProcessor                     : loaded 2 times (x 70B)
Class org.gradle.api.internal.DefaultClassPathProvider                                : loaded 2 times (x 76B)
Class com.google.common.base.Splitter                                                 : loaded 2 times (x 72B)
Class kotlin.reflect.KType                                                            : loaded 2 times (x 70B)
Class com.google.common.collect.Sets$FilteredSet                                      : loaded 2 times (x 137B)
Class com.google.common.io.Closer                                                     : loaded 2 times (x 78B)
Class com.google.common.io.Java8Compatibility                                         : loaded 2 times (x 71B)
Class com.google.common.base.CharMatcher$BitSetMatcher                                : loaded 2 times (x 112B)
Class com.google.common.base.CharMatcher$Ascii                                        : loaded 2 times (x 112B)
Class org.gradle.internal.classloader.ClassLoaderSpec                                 : loaded 2 times (x 71B)
Class kotlin.jvm.internal.FunctionReferenceImpl                                       : loaded 2 times (x 122B)
Class kotlin.text.DelimitedRangesSequence                                             : loaded 2 times (x 75B)
Class kotlin.reflect.jvm.internal.ReflectProperties$Val$1                             : loaded 2 times (x 71B)
Class org.objectweb.asm.AnnotationVisitor                                             : loaded 2 times (x 78B)
Class org.objectweb.asm.AnnotationWriter                                              : loaded 2 times (x 79B)
Class com.google.common.cache.CacheStats                                              : loaded 2 times (x 71B)
Class com.google.common.collect.Sets$1                                                : loaded 2 times (x 139B)
Class kotlin.jvm.internal.markers.KMutableIterable                                    : loaded 2 times (x 70B)
Class com.google.common.collect.Iterators$EmptyModifiableIterator                     : loaded 2 times (x 86B)
Class [Lkotlin.reflect.KCallable;                                                     : loaded 2 times (x 69B)
Class com.google.common.collect.Interners                                             : loaded 2 times (x 71B)
Class com.google.common.io.Closer$Suppressor                                          : loaded 2 times (x 70B)
Class com.google.common.io.LineProcessor                                              : loaded 2 times (x 70B)
Class com.google.common.collect.ImmutableMultisetGwtSerializationDependencies         : loaded 2 times (x 125B)
Class org.objectweb.asm.RecordComponentWriter                                         : loaded 2 times (x 78B)
Class com.google.common.util.concurrent.AbstractFuture$Listener                       : loaded 2 times (x 72B)
Class com.google.common.base.CharMatcher$Or                                           : loaded 2 times (x 112B)
Class Settings_gradle$1$1                                                             : loaded 2 times (x 74B)
Class kotlin.reflect.KProperty$Accessor                                               : loaded 2 times (x 70B)
Class kotlin.io.FileTreeWalk$DirectoryState                                           : loaded 2 times (x 73B)
Class org.objectweb.asm.Attribute                                                     : loaded 2 times (x 77B)
Class com.google.common.base.Supplier                                                 : loaded 2 times (x 70B)
Class ijKotlinCoroutineJvmDebugInit1_1l7iqbxi6paf91n3tjfyt3nzo                        : loaded 2 times (x 179B)
Class org.gradle.internal.classloader.VisitableURLClassLoader                         : loaded 2 times (x 117B)
Class androidx.room.compiler.processing.javac.JavacBasicAnnotationProcessor$commonDelegate$2: loaded 2 times (x 79B)
Class kotlin.reflect.jvm.internal.KCallableImpl                                       : loaded 2 times (x 105B)
Class kotlin.sequences.FlatteningSequence$iterator$1                                  : loaded 2 times (x 79B)
Class kotlin.sequences.GeneratorSequence                                              : loaded 2 times (x 75B)
Class [Lkotlin.DeprecationLevel;                                                      : loaded 2 times (x 69B)
Class com.google.common.base.Verify                                                   : loaded 2 times (x 71B)
Class kotlin.reflect.jvm.internal.KClassImpl                                          : loaded 2 times (x 115B)
Class com.google.common.collect.ListMultimap                                          : loaded 2 times (x 70B)
Class com.google.common.collect.ImmutableList$SerializedForm                          : loaded 2 times (x 73B)
Class com.google.common.util.concurrent.AbstractFuture$Waiter                         : loaded 2 times (x 72B)
Class Settings_gradle                                                                 : loaded 2 times (x 128B)
Class org.gradle.internal.Cast                                                        : loaded 2 times (x 71B)
Class org.gradle.api.Action                                                           : loaded 2 times (x 70B)
Class com.google.common.collect.AbstractIterator$1                                    : loaded 2 times (x 71B)
Class kotlin.collections.AbstractMutableList                                          : loaded 2 times (x 206B)
Class com.google.common.collect.HashBiMap                                             : loaded 2 times (x 143B)
Class com.google.common.collect.MapMakerInternalMap                                   : loaded 2 times (x 161B)
Class com.google.common.collect.Sets                                                  : loaded 2 times (x 71B)
Class org.objectweb.asm.Handler                                                       : loaded 2 times (x 72B)
Class com.google.common.base.Ticker                                                   : loaded 2 times (x 72B)
Class com.google.common.base.Strings                                                  : loaded 2 times (x 71B)
Class com.google.common.base.CharMatcher$FastMatcher                                  : loaded 2 times (x 111B)
Class org.gradle.internal.agents.InstrumentingClassLoader                             : loaded 2 times (x 70B)
Class com.google.common.collect.ImmutableRangeSet                                     : loaded 2 times (x 115B)
Class kotlin.jvm.internal.markers.KMutableIterator                                    : loaded 2 times (x 70B)
Class kotlin.reflect.jvm.internal.CachesKt$K_CLASS_CACHE$1                            : loaded 2 times (x 78B)
Class kotlin.reflect.jvm.internal.KCallableImpl$_typeParameters$1                     : loaded 2 times (x 79B)
Class kotlin.jvm.functions.Function2                                                  : loaded 2 times (x 70B)
Class com.google.common.cache.RemovalCause$1                                          : loaded 2 times (x 80B)
Class [Lcom.google.common.cache.LocalCache$Segment;                                   : loaded 2 times (x 69B)
Class [Lcom.google.common.cache.LocalCache$Strength;                                  : loaded 2 times (x 69B)
Class com.google.common.cache.CacheBuilder$1                                          : loaded 2 times (x 85B)
Class org.gradle.internal.classpath.DefaultClassPath$ImmutableUniqueList$Builder      : loaded 2 times (x 75B)
Class kotlin.jvm.functions.Function3                                                  : loaded 2 times (x 70B)
Class kotlin.reflect.jvm.internal.KProperty1Impl$_getter$1                            : loaded 2 times (x 79B)
Class kotlin.reflect.jvm.internal.KDeclarationContainerImpl$Data                      : loaded 2 times (x 72B)
Class kotlin.reflect.jvm.internal.impl.name.FqNameUnsafe$1                            : loaded 2 times (x 74B)
Class kotlin.io.FileTreeWalk$WalkState                                                : loaded 2 times (x 73B)
Class com.google.common.cache.RemovalCause$2                                          : loaded 2 times (x 80B)
Class com.google.common.collect.AbstractRangeSet                                      : loaded 2 times (x 114B)
Class com.google.common.collect.MapMakerInternalMap$WeakValueReference                : loaded 2 times (x 70B)
Class com.google.common.cache.LocalCache                                              : loaded 2 times (x 187B)
Class com.google.common.cache.CacheBuilder$2                                          : loaded 2 times (x 72B)
Class com.google.common.base.CharMatcher$NegatedFastMatcher                           : loaded 2 times (x 113B)
Class org.gradle.api.internal.classpath.EffectiveClassPath                            : loaded 2 times (x 90B)
Class kotlin.io.FileTreeWalk$FileTreeWalkIterator                                     : loaded 2 times (x 83B)
Class kotlin.reflect.jvm.internal.KProperty1Impl                                      : loaded 2 times (x 128B)
Class kotlin.reflect.jvm.internal.KClassImpl$Data$objectInstance$2                    : loaded 2 times (x 79B)
Class kotlin.reflect.jvm.internal.impl.builtins.PrimitiveType$Companion               : loaded 2 times (x 71B)
Class kotlin.jvm.functions.Function4                                                  : loaded 2 times (x 70B)
Class kotlin.reflect.jvm.internal.KClassImpl$Data$typeParameters$2                    : loaded 2 times (x 79B)
Class kotlin.reflect.jvm.internal.KClassImpl$Data                                     : loaded 2 times (x 72B)
Class com.google.common.base.Enums$StringConverter                                    : loaded 2 times (x 90B)
Class kotlin.collections.State                                                        : loaded 2 times (x 79B)
Class com.google.common.cache.RemovalCause$3                                          : loaded 2 times (x 80B)
Class com.google.common.collect.ArrayListMultimap                                     : loaded 2 times (x 172B)
Class com.google.common.base.AbstractIterator$1                                       : loaded 2 times (x 71B)
Class com.google.common.base.CharMatcher$Digit                                        : loaded 2 times (x 112B)
Class org.gradle.api.GradleException                                                  : loaded 2 times (x 82B)
Class org.gradle.internal.classloader.ClassLoaderVisitor                              : loaded 2 times (x 76B)
Class com.google.common.base.CharMatcher$None                                         : loaded 2 times (x 112B)
Class kotlin.jvm.functions.Function5                                                  : loaded 2 times (x 70B)
Class [Lcom.google.common.collect.AbstractIterator$State;                             : loaded 2 times (x 69B)
Class kotlin.reflect.jvm.internal.KDeclarationContainerImpl$Data$moduleData$2         : loaded 2 times (x 79B)
Class com.google.common.cache.RemovalCause$4                                          : loaded 2 times (x 80B)
Class com.google.common.base.Suppliers$MemoizingSupplier                              : loaded 2 times (x 79B)
Class com.google.common.base.CharMatcher$JavaIsoControl                               : loaded 2 times (x 112B)
Class org.gradle.internal.classloader.DefaultClassLoaderFactory                       : loaded 2 times (x 82B)
Class kotlin.jvm.functions.Function6                                                  : loaded 2 times (x 70B)
Class kotlin.reflect.jvm.internal.KPropertyImpl$_descriptor$1                         : loaded 2 times (x 79B)
Class kotlin.reflect.jvm.internal.KTypeParameterOwnerImpl                             : loaded 2 times (x 70B)
Class com.google.common.base.Suppliers                                                : loaded 2 times (x 71B)
Class [Lcom.google.common.cache.CacheBuilder$OneWeigher;                              : loaded 2 times (x 69B)
Class kotlin.io.FilesKt                                                               : loaded 2 times (x 71B)
Class com.google.common.cache.RemovalCause$5                                          : loaded 2 times (x 80B)
Class com.google.common.collect.Maps$AbstractFilteredMap                              : loaded 2 times (x 127B)
Class [Lcom.google.common.collect.MapMakerInternalMap$Strength;                       : loaded 2 times (x 69B)
Class [Lcom.google.common.io.FileWriteMode;                                           : loaded 2 times (x 69B)
Class com.google.common.base.CharMatcher$JavaLowerCase                                : loaded 2 times (x 111B)
Class kotlin.jvm.functions.Function7                                                  : loaded 2 times (x 70B)
Class kotlin.reflect.jvm.internal.impl.name.Name                                      : loaded 2 times (x 75B)
Class kotlin.reflect.jvm.internal.KPropertyImpl$Companion                             : loaded 2 times (x 71B)
Class org.objectweb.asm.MethodTooLargeException                                       : loaded 2 times (x 83B)
Class com.google.common.cache.LocalCache$HashIterator                                 : loaded 2 times (x 86B)
Class com.google.common.collect.MapMakerInternalMap$StrongKeyDummyValueSegment        : loaded 2 times (x 142B)
Class com.google.common.collect.Iterables$4                                           : loaded 2 times (x 81B)
Class com.google.common.io.Files                                                      : loaded 2 times (x 71B)
Class com.google.common.cache.LocalCache$EntryFactory                                 : loaded 2 times (x 83B)
Class kotlin.collections.builders.MapBuilder$Companion                                : loaded 2 times (x 71B)
Class [Lkotlin.annotation.AnnotationRetention;                                        : loaded 2 times (x 69B)
Class kotlin.jvm.functions.Function8                                                  : loaded 2 times (x 70B)
Class kotlin.reflect.jvm.internal.impl.name.FqNameUnsafe                              : loaded 2 times (x 72B)
Class com.google.common.collect.MapMakerInternalMap$Strength                          : loaded 2 times (x 80B)
Class com.google.common.collect.MapMakerInternalMap$StrongKeyDummyValueEntry$LinkedStrongKeyDummyValueEntry: loaded 2 times (x 82B)
Class kotlin.io.LinesSequence                                                         : loaded 2 times (x 75B)
Class com.google.common.reflect.Types$NativeTypeVariableEquals                        : loaded 2 times (x 71B)
Class com.google.common.reflect.TypeParameter                                         : loaded 2 times (x 72B)
Class com.google.common.collect.Iterables$5                                           : loaded 2 times (x 81B)
Class [Lcom.google.common.collect.MapMaker$Dummy;                                     : loaded 2 times (x 69B)
Class com.google.common.cache.LocalCache$AbstractReferenceEntry                       : loaded 2 times (x 107B)
Class com.google.common.base.Splitter$1$1                                             : loaded 2 times (x 86B)
Class com.google.common.base.CharMatcher$Whitespace                                   : loaded 2 times (x 112B)
Class org.gradle.internal.IoActions                                                   : loaded 2 times (x 71B)
Class com.google.common.base.VerifyException                                          : loaded 2 times (x 82B)
Class com.google.common.base.Enums                                                    : loaded 2 times (x 71B)
Class [Lkotlin.reflect.KClass;                                                        : loaded 2 times (x 69B)
Class kotlin.annotation.MustBeDocumented                                              : loaded 2 times (x 70B)
Class [Lkotlin.reflect.jvm.internal.impl.name.ClassId;                                : loaded 2 times (x 69B)
Class kotlin.jvm.functions.Function10                                                 : loaded 2 times (x 70B)
Class kotlin.jvm.functions.Function9                                                  : loaded 2 times (x 70B)
Class kotlin.reflect.jvm.internal.KClassImpl$Data$allNonStaticMembers$2               : loaded 2 times (x 79B)
Class [Lkotlin.LazyThreadSafetyMode;                                                  : loaded 2 times (x 69B)
Class [Lkotlin.reflect.KClassifier;                                                   : loaded 2 times (x 69B)
Class kotlin.reflect.jvm.internal.EmptyContainerForLocal                              : loaded 2 times (x 84B)
Class com.google.common.collect.ImmutableMapKeySet                                    : loaded 2 times (x 150B)
Class com.google.common.collect.ImmutableRangeSet$ComplementRanges                    : loaded 2 times (x 207B)
Class org.objectweb.asm.SymbolTable                                                   : loaded 2 times (x 72B)
Class com.google.common.cache.CacheLoader$InvalidCacheLoadException                   : loaded 2 times (x 82B)
Class com.google.common.base.CharMatcher$SingleWidth                                  : loaded 2 times (x 112B)
Class org.gradle.internal.classloader.SystemClassLoaderSpec                           : loaded 2 times (x 71B)
Class kotlin.reflect.jvm.internal.impl.name.FqName                                    : loaded 2 times (x 72B)
Class kotlin.coroutines.intrinsics.IntrinsicsKt                                       : loaded 2 times (x 71B)
Class kotlin.jvm.internal.markers.KMutableCollection                                  : loaded 2 times (x 70B)
Class org.objectweb.asm.ClassVisitor                                                  : loaded 2 times (x 88B)
Class kotlin.jvm.functions.Function11                                                 : loaded 2 times (x 70B)
Class kotlin.reflect.jvm.internal.KClassImpl$Data$sealedSubclasses$2                  : loaded 2 times (x 79B)
Class [Lorg.objectweb.asm.Symbol;                                                     : loaded 2 times (x 69B)
Class com.google.common.cache.LocalCache$Values                                       : loaded 2 times (x 118B)
Class com.google.common.collect.FluentIterable                                        : loaded 2 times (x 81B)
Class com.google.common.cache.LocalCache$StrongEntry                                  : loaded 2 times (x 108B)
Class com.google.common.util.concurrent.AbstractFuture$TrustedFuture                  : loaded 2 times (x 114B)
Class com.google.common.cache.LoadingCache                                            : loaded 2 times (x 70B)
Class kotlin.coroutines.intrinsics.CoroutineSingletons                                : loaded 2 times (x 79B)
Class com.google.common.reflect.TypeCapture                                           : loaded 2 times (x 71B)
Class kotlin.jvm.functions.Function12                                                 : loaded 2 times (x 70B)
Class kotlin.sequences.TransformingSequence                                           : loaded 2 times (x 75B)
Class kotlin.jvm.internal.MutablePropertyReference2                                   : loaded 2 times (x 137B)
Class kotlin.io.FileTreeWalk$FileTreeWalkIterator$TopDownDirectoryState               : loaded 2 times (x 74B)
Class com.google.common.base.Suppliers$NonSerializableMemoizingSupplier               : loaded 2 times (x 79B)
Class org.objectweb.asm.MethodWriter                                                  : loaded 2 times (x 106B)
Class [Lcom.google.common.cache.Weigher;                                              : loaded 2 times (x 69B)
Class kotlin.reflect.jvm.internal.ReflectProperties$Val                               : loaded 2 times (x 74B)
Class kotlin.sequences.SequencesKt__SequencesKt$flatten$2                             : loaded 2 times (x 78B)
Class kotlin.sequences.SequenceBuilderIterator                                        : loaded 2 times (x 85B)
Class kotlin.jvm.functions.Function13                                                 : loaded 2 times (x 70B)
Class kotlin.reflect.jvm.internal.impl.builtins.PrimitiveType$typeFqName$2            : loaded 2 times (x 79B)
Class kotlin.text.Charsets                                                            : loaded 2 times (x 71B)
Class com.google.common.collect.ImmutableMultimap$1                                   : loaded 2 times (x 82B)
Class com.google.common.collect.AbstractMapBasedMultimap$RandomAccessWrappedList      : loaded 2 times (x 205B)
Class kotlin.collections.builders.MapBuilder                                          : loaded 2 times (x 112B)
Class kotlin.jvm.functions.Function14                                                 : loaded 2 times (x 70B)
Class org.gradle.api.internal.classpath.ManifestUtil                                  : loaded 2 times (x 71B)
Class com.google.common.reflect.Types$JavaVersion$1                                   : loaded 2 times (x 83B)
Class com.google.common.collect.AbstractIterator$State                                : loaded 2 times (x 79B)
Class com.google.common.collect.ImmutableMultimap$2                                   : loaded 2 times (x 81B)
Class com.google.common.cache.LocalCache$ValueReference                               : loaded 2 times (x 70B)
Class com.google.common.base.CharMatcher$Negated                                      : loaded 2 times (x 113B)
Class com.google.common.base.CharMatcher$Is                                           : loaded 2 times (x 111B)
Class com.google.common.util.concurrent.ExecutionError                                : loaded 2 times (x 82B)
Class com.google.common.collect.ImmutableEnumSet                                      : loaded 2 times (x 146B)
Class com.google.common.collect.AbstractMapBasedMultimap$WrappedCollection            : loaded 2 times (x 124B)
Class com.google.common.collect.ImmutableBiMap$SerializedForm                         : loaded 2 times (x 75B)
Class kotlin.jvm.functions.Function15                                                 : loaded 2 times (x 70B)
Class [Lcom.google.common.cache.RemovalCause;                                         : loaded 2 times (x 69B)
Class kotlin.jvm.internal.MutablePropertyReference1                                   : loaded 2 times (x 137B)
Class com.google.common.reflect.Types$JavaVersion$2                                   : loaded 2 times (x 83B)
Class com.google.common.reflect.Types                                                 : loaded 2 times (x 71B)
Class com.google.common.hash.PrimitiveSink                                            : loaded 2 times (x 70B)
Class com.google.common.util.concurrent.AbstractFuture$Failure                        : loaded 2 times (x 72B)
Class ijKotlinCoroutineJvmDebugInit1_1l7iqbxi6paf91n3tjfyt3nzo$_run_closure1$_closure2: loaded 2 times (x 139B)
Class kotlin.jvm.internal.PropertyReference1Impl                                      : loaded 2 times (x 127B)
Class kotlin.coroutines.EmptyCoroutineContext                                         : loaded 2 times (x 77B)
Class kotlin.SafePublicationLazyImpl$Companion                                        : loaded 2 times (x 71B)
Class org.gradle.internal.classloader.ClassLoaderHierarchy                            : loaded 2 times (x 70B)
Class kotlin.jvm.functions.Function16                                                 : loaded 2 times (x 70B)
Class kotlin.reflect.jvm.internal.CacheByClassKt                                      : loaded 2 times (x 71B)
Class com.google.common.reflect.Types$JavaVersion$3                                   : loaded 2 times (x 83B)
Class com.google.common.io.CharSink                                                   : loaded 2 times (x 79B)
Class com.google.common.base.Joiner$1                                                 : loaded 2 times (x 80B)
Class org.objectweb.asm.Label                                                         : loaded 2 times (x 73B)
Class org.objectweb.asm.CurrentFrame                                                  : loaded 2 times (x 73B)
Class org.objectweb.asm.ClassTooLargeException                                        : loaded 2 times (x 83B)
Class com.google.common.base.CharMatcher                                              : loaded 2 times (x 111B)
Class kotlin.jvm.functions.Function17                                                 : loaded 2 times (x 70B)
Class com.google.common.base.CharMatcher$IsEither                                     : loaded 2 times (x 111B)
Class com.google.common.reflect.Types$JavaVersion$4                                   : loaded 2 times (x 83B)
Class com.google.common.collect.Maps$IteratorBasedAbstractMap                         : loaded 2 times (x 125B)
Class com.google.common.collect.RangeGwtSerializationDependencies                     : loaded 2 times (x 71B)
Class com.google.common.collect.MapMakerInternalMap$InternalEntryHelper               : loaded 2 times (x 70B)
Class com.google.common.base.Joiner$2                                                 : loaded 2 times (x 79B)
Class org.objectweb.asm.Frame                                                         : loaded 2 times (x 73B)
Class org.objectweb.asm.MethodVisitor                                                 : loaded 2 times (x 105B)
Class com.google.common.cache.LocalCache$EntryFactory$1                               : loaded 2 times (x 83B)
Class [Lcom.google.common.cache.RemovalListener;                                      : loaded 2 times (x 69B)
Class com.google.common.base.CharMatcher$1                                            : loaded 2 times (x 113B)
Class com.google.common.base.CharMatcher$NamedFastMatcher                             : loaded 2 times (x 112B)
Class androidx.room.compiler.processing.javac.JavacBasicAnnotationProcessor$xEnv$2    : loaded 2 times (x 79B)
Class kotlin.jvm.functions.Function18                                                 : loaded 2 times (x 70B)
Class [Lcom.google.common.base.AbstractIterator$State;                                : loaded 2 times (x 69B)
Class kotlin.reflect.jvm.internal.CachesKt                                            : loaded 2 times (x 71B)
Class com.google.common.io.FileWriteMode                                              : loaded 2 times (x 79B)
Class com.google.common.reflect.Types$JavaVersion$5                                   : loaded 2 times (x 71B)
Class [Lcom.google.common.reflect.Types$ClassOwnership;                               : loaded 2 times (x 69B)
Class com.google.common.collect.RangeSet                                              : loaded 2 times (x 70B)
Class com.google.common.cache.LocalCache$EntryFactory$2                               : loaded 2 times (x 83B)
Class [Lcom.google.common.collect.MapMakerInternalMap$Segment;                        : loaded 2 times (x 69B)
Class com.google.common.cache.LocalCache$ValueIterator                                : loaded 2 times (x 86B)
Class kotlin.io.FilesKt__FileTreeWalkKt                                               : loaded 2 times (x 71B)
Class kotlin.reflect.KMutableProperty$Setter                                          : loaded 2 times (x 70B)
Class kotlin.jvm.internal.MutablePropertyReference0                                   : loaded 2 times (x 137B)
Class kotlin.jvm.functions.Function19                                                 : loaded 2 times (x 70B)
Class kotlin.reflect.jvm.internal.KClassImpl$Data$allStaticMembers$2                  : loaded 2 times (x 79B)
Class com.google.common.collect.CollectCollectors                                     : loaded 2 times (x 71B)
Class org.objectweb.asm.ModuleWriter                                                  : loaded 2 times (x 82B)
Class com.google.common.cache.LocalCache$EntryFactory$3                               : loaded 2 times (x 83B)
Class com.google.common.base.Ticker$1                                                 : loaded 2 times (x 72B)
Class com.google.common.collect.SetMultimap                                           : loaded 2 times (x 70B)
Class com.google.common.collect.CollectSpliterators$1                                 : loaded 2 times (x 90B)
Class com.google.common.cache.LocalCache$EntryFactory$4                               : loaded 2 times (x 83B)
Class com.google.common.collect.ImmutableSet$Builder                                  : loaded 2 times (x 85B)
Class com.google.common.base.CharMatcher$InRange                                      : loaded 2 times (x 111B)
Class kotlin.reflect.jvm.internal.KCallableImpl$_parameters$1                         : loaded 2 times (x 79B)
Class kotlin.sequences.ConstrainedOnceSequence                                        : loaded 2 times (x 75B)
Class com.google.common.cache.LocalCache$EntryFactory$5                               : loaded 2 times (x 83B)
Class kotlin.reflect.jvm.internal.KClassImpl$Data$simpleName$2                        : loaded 2 times (x 79B)
Class [Lkotlin.reflect.KProperty;                                                     : loaded 2 times (x 69B)
Class kotlin.reflect.jvm.internal.CachesKt$CACHE_FOR_BASE_CLASSIFIERS$1               : loaded 2 times (x 78B)
Class kotlin.reflect.jvm.internal.KCallableImpl$_annotations$1                        : loaded 2 times (x 79B)
Class kotlin.reflect.jvm.internal.KClassImpl$Data$inheritedNonStaticMembers$2         : loaded 2 times (x 79B)
Class com.google.common.cache.LocalCache$EntryFactory$6                               : loaded 2 times (x 83B)
Class org.gradle.internal.installation.CurrentGradleInstallationLocator               : loaded 2 times (x 71B)
Class kotlin.reflect.jvm.internal.impl.builtins.CompanionObjectMapping                : loaded 2 times (x 71B)
Class [Lkotlin.io.FileWalkDirection;                                                  : loaded 2 times (x 69B)
Class com.google.common.collect.ImmutableMultimap$Builder                             : loaded 2 times (x 83B)
Class com.google.common.collect.Maps$KeySet                                           : loaded 2 times (x 137B)
Class com.google.common.cache.LocalCache$EntryFactory$7                               : loaded 2 times (x 83B)
Class com.google.common.collect.ImmutableSet$EmptySetBuilderImpl                      : loaded 2 times (x 76B)
Class org.gradle.internal.service.DefaultServiceLocator                               : loaded 2 times (x 83B)
Class kotlin.coroutines.jvm.internal.SuspendFunction                                  : loaded 2 times (x 70B)
Class kotlin.jvm.internal.CollectionToArray                                           : loaded 2 times (x 71B)
Class kotlin.reflect.KMutableProperty0                                                : loaded 2 times (x 70B)
Class kotlin.reflect.KClassifier                                                      : loaded 2 times (x 70B)
Class kotlin.io.FileTreeWalk                                                          : loaded 2 times (x 75B)
Class com.google.common.collect.ImmutableMultimap$EntryCollection                     : loaded 2 times (x 127B)
Class com.google.common.collect.Maps$EntrySet                                         : loaded 2 times (x 136B)
Class com.google.common.cache.LocalCache$EntryFactory$8                               : loaded 2 times (x 83B)
Class org.gradle.internal.installation.CurrentGradleInstallation                      : loaded 2 times (x 73B)
Class kotlin.coroutines.intrinsics.IntrinsicsKt__IntrinsicsJvmKt                      : loaded 2 times (x 71B)
Class kotlin.coroutines.jvm.internal.CoroutineStackFrame                              : loaded 2 times (x 70B)
Class org.gradle.internal.classloader.FilteringClassLoader                            : loaded 2 times (x 105B)
Class kotlin.reflect.KMutableProperty1                                                : loaded 2 times (x 70B)
Class [Lkotlin.collections.State;                                                     : loaded 2 times (x 69B)
Class com.google.common.cache.CacheLoader$1                                           : loaded 2 times (x 75B)
Class com.google.common.collect.ForwardingObject                                      : loaded 2 times (x 72B)
Class org.gradle.util.internal.GUtil                                                  : loaded 2 times (x 71B)
Class kotlin.reflect.KMutableProperty2                                                : loaded 2 times (x 70B)
Class com.google.common.io.LineReader                                                 : loaded 2 times (x 72B)
Class kotlin.io.NoSuchFileException                                                   : loaded 2 times (x 82B)
Class com.google.common.io.ByteSource                                                 : loaded 2 times (x 84B)
Class com.google.common.util.concurrent.AbstractFuture$SetFuture                      : loaded 2 times (x 75B)
Class com.google.common.cache.AbstractCache$StatsCounter                              : loaded 2 times (x 70B)
Class kotlin.coroutines.CoroutineContext                                              : loaded 2 times (x 70B)
Class kotlin.coroutines.jvm.internal.DebugProbesKt                                    : loaded 2 times (x 71B)
Class kotlin.io.TextStreamsKt                                                         : loaded 2 times (x 71B)
Class kotlin.coroutines.jvm.internal.CompletedContinuation                            : loaded 2 times (x 75B)
Class kotlin.ranges.IntProgressionIterator                                            : loaded 2 times (x 82B)
Class kotlin.reflect.jvm.internal.RuntimeTypeMapper                                   : loaded 2 times (x 71B)
Class kotlin.collections.AbstractIterator$WhenMappings                                : loaded 2 times (x 71B)
Class com.google.common.reflect.Types$TypeVariableImpl                                : loaded 2 times (x 72B)
Class com.google.common.collect.MapMakerInternalMap$1                                 : loaded 2 times (x 83B)
Class com.google.common.io.LineBuffer                                                 : loaded 2 times (x 75B)
Class ijJvmDebugger1_3a96tmiirlkuawgppkg0da6mo                                        : loaded 2 times (x 179B)
Class org.gradle.internal.installation.GradleInstallation                             : loaded 2 times (x 75B)
Class kotlin.reflect.jvm.internal.KPackageImpl$data$1                                 : loaded 2 times (x 79B)
Class com.google.common.collect.Iterables                                             : loaded 2 times (x 71B)
Class com.google.common.base.Splitter$Strategy                                        : loaded 2 times (x 70B)
Class com.google.common.collect.AbstractMultimap                                      : loaded 2 times (x 123B)
Class kotlin.sequences.FlatteningSequence                                             : loaded 2 times (x 75B)
Class kotlin.io.FileWalkDirection                                                     : loaded 2 times (x 79B)
Class com.google.common.collect.Lists$RandomAccessReverseList                         : loaded 2 times (x 200B)

---------------  S Y S T E M  ---------------

OS:
 Windows 11 , 64 bit Build 26100 (10.0.26100.8925)
OS uptime: 0 days 16:51 hours
Hyper-V role detected

CPU: total 8 (initial active 8) (4 cores per cpu, 2 threads per core) family 6 model 140 stepping 2 microcode 0x3c, cx8, cmov, fxsr, ht, mmx, 3dnowpref, sse, sse2, sse3, ssse3, sse4.1, sse4.2, popcnt, lzcnt, tsc, tscinvbit, avx, avx2, aes, erms, clmul, bmi1, bmi2, adx, avx512f, avx512dq, avx512cd, avx512bw, avx512vl, sha, fma, vzeroupper, avx512_vpopcntdq, avx512_vpclmulqdq, avx512_vaes, avx512_vnni, clflush, clflushopt, clwb, avx512_vbmi2, avx512_vbmi, hv, rdtscp, rdpid, fsrm, gfni, avx512_bitalg, f16c, cet_ibt, cet_ss, avx512_ifma
Processor Information for the first 8 processors :
  Max Mhz: 2496, Current Mhz: 2496, Mhz Limit: 2496

Memory: 4k page, system-wide physical 12026M (536M free)
TotalPageFile size 30821M (AvailPageFile size 329M)
current process WorkingSet (physical memory assigned to process): 742M, peak: 810M
current process commit charge ("private bytes"): 831M, peak: 843M

vm_info: OpenJDK 64-Bit Server VM (21.0.9+-14787801-b1163.94) for windows-amd64 JRE (21.0.9+-14787801-b1163.94), built on 2026-01-27T21:15:44Z by "builder" with MS VC++ 16.10 / 16.11 (VS2019)

END.
